date,residual,fitted,actual
2021-08-05,-0.36105530323704116,25.12451612320877,24.76346081997173
2021-08-06,-0.7691828855210048,25.121892686803022,24.352709801282018
2021-08-07,-0.3159197033533445,24.75934357024895,24.443423866895607
2021-08-08,-0.5335910311899319,24.756722530984824,24.223131499794892
2021-08-09,-0.7260297222164311,25.114029569010636,24.387999846794205
2021-08-10,-0.6504432322970892,25.111410926888126,24.460967694591037
2021-08-11,-0.5168637954354729,25.108793483336427,24.591929687900954
2021-08-12,-0.6746084325393653,25.10617723835554,24.431568805816173
2021-08-13,-0.6431786711225023,25.103562191945457,24.460383520822955
2021-08-14,-0.3695241451618365,24.741021465387053,24.371497320225217
2021-08-15,-0.5529902917402616,24.738408816118593,24.18541852437833
2021-08-16,-0.600490068203186,25.095724244140076,24.49523417593689
2021-08-17,-0.6953358348521164,25.093113992013237,24.39777815716112
2021-08-18,-0.8225982546894208,25.090504938457205,24.267906683767784
2021-08-19,-0.9837205357057748,25.087897083471983,24.104176547766208
2021-08-20,-0.888127717394017,25.085290427057572,24.197162709663555
2021-08-21,-0.6831697538984507,24.72275809049484,24.03958833659639
2021-08-22,-0.6732907823407785,24.720153831222046,24.046863048881267
2021-08-23,-0.4181621265140265,25.077477649239196,24.65931552272517
2021-08-24,-0.15415355478414483,25.074875787108024,24.92072223232388
2021-08-25,0.0006141934934227322,25.072275123547662,25.072889317041085
2021-08-26,-0.03875383658632714,25.069675658558108,25.03092182197178
2021-08-27,0.03537087310796139,25.067077392139367,25.10244826524733
2021-08-28,0.17565026312957244,24.7045534455723,24.880203708701874
2021-08-29,0.19230166662352133,24.70195757629518,24.8942592429187
2021-08-30,0.04710392558927978,25.059289784307996,25.106393709897276
2021-08-31,0.11343380521045177,25.118382270043142,25.231816075253594
2021-09-01,0.25441690958794894,25.054104038607797,25.308520948195746
2021-09-02,0.17702969121685186,25.051512963613913,25.228542654830765
2021-09-03,0.48265241702290496,25.04892308719084,25.531575504213745
2021-09-04,0.6298761386885303,24.686407530619444,25.316283669307975
2021-09-05,0.5242590267473126,24.68382005133799,25.2080790780853
2021-09-06,0.23005540710316552,25.041160649346477,25.271216056449642
2021-09-07,0.2958929757054385,25.03857556720664,25.334468542912077
2021-09-08,0.3537743077802169,25.035991683637615,25.389765991417832
2021-09-09,0.3278476015096885,25.0334089986394,25.361256600149087
2021-09-10,0.10230894557875914,25.030827512211992,25.13313645779075
2021-09-11,0.13390665160647686,24.668320345636264,24.80222699724274
2021-09-12,0.0013179621749408454,24.66574125635048,24.66705921852542
2021-09-13,-0.1836015946797538,25.023090244354634,24.83948864967488
2021-09-14,-0.366838484418345,25.020513552210467,24.653675067792122
2021-09-15,-0.27412479648015875,25.01793805863711,24.74381326215695
2021-09-16,-0.14032767914445543,25.015363763634564,24.87503608449011
2021-09-17,-0.17352811005078905,25.012790667202825,24.839262557152036
2021-09-18,-0.07649800017704678,24.650291890622768,24.57379389044572
2021-09-19,-0.14754295686978836,24.64772119133265,24.50017823446286
2021-09-20,-0.016578397919985832,25.005078569332476,24.98850017141249
2021-09-21,0.003065277136045097,25.002510267183975,25.00557554432002
2021-09-22,-0.2546880110383718,24.999943163606286,24.745255152567914
2021-09-23,-0.16168835932019476,24.99737725859941,24.835688899279216
2021-09-24,-0.14528601961442433,24.99481255216334,24.849526532548914
2021-09-25,-0.215504330375218,24.632322165578948,24.41681783520373
2021-09-26,0.03544063207492343,24.6297598562845,24.665200488359424
2021-09-27,-0.06545485562251585,24.987125624279994,24.921670768657478
2021-09-28,0.048488321159954495,24.984565712127164,25.03305403328712
2021-09-29,-0.07556365313126889,24.982006998545145,24.906443345413877
2021-09-30,0.09700668010773228,24.9633410781967,25.06034775830443
2021-10-01,0.058792740568208046,24.976893167093532,25.03568590766174
2021-10-02,0.0994436888428254,24.61441117050481,24.713854859347634
2021-10-03,0.051825030016491525,24.61185725120603,24.66368228122252
2021-10-04,0.13505035939732934,24.969231409197192,25.10428176859452
2021-10-05,0.34415213426955304,24.96667988704003,25.310832021309583
2021-10-06,0.5636110944752843,24.964129563453678,25.527740657928963
2021-10-07,0.5612359021324203,24.961580438438137,25.522816340570557
2021-10-08,0.3655432256179978,24.959032511993406,25.324575737611404
2021-10-09,0.40715675550826447,24.596558905400354,25.003715660908618
2021-10-10,0.31067675142628204,24.59401337609724,24.904690127523523
2021-10-11,0.2924632795624049,24.95139592408407,25.243859203646476
2021-10-12,0.1505222572237912,24.948852791922576,25.099375049146367
2021-10-13,0.24291089482792927,24.946310858331895,25.189221753159824
2021-10-14,0.4263191106505566,24.94377012331202,25.370089233962577
2021-10-15,0.518847556291842,24.941230586862957,25.4600781431548
2021-10-16,0.4915730638894402,24.57876537026557,25.070338434155012
2021-10-17,0.34840534282443514,24.57622823095813,24.924633573782565
2021-10-18,0.10248030162348343,24.933619168940627,25.03609947056411
2021-10-19,-0.061510269522266015,24.931084426774806,24.86957415725254
2021-10-20,-0.013782932210474996,24.928550883179792,24.914767950969317
2021-10-21,0.11014174181333303,24.926018538155585,25.036160279968918
2021-10-22,0.060781256726475164,24.923487391702192,24.984268648428667
2021-10-23,0.23984399771951104,24.561030565100474,24.800874562819985
2021-10-24,0.255937834581232,24.5585018157887,24.81443965036993
2021-10-25,0.1798326979488003,24.915901143766867,25.095733841715667
2021-10-26,0.46177304846805356,24.913374791596713,25.375147840064766
2021-10-27,0.7338876565650239,24.910849637997366,25.64473729456239
2021-10-28,0.9548921178157137,24.90832568296883,25.863217800784543
2021-10-29,0.877738223402325,24.905802926511104,25.78354114991343
2021-10-30,1.1504401179539094,24.543354489905056,25.693794607858965
2021-10-31,1.0229480708586784,24.6025200884596,25.625468159318277
2021-11-01,0.7612785685016448,24.898241848562783,25.659520417064428
2021-11-02,0.8891961475490184,24.895723886388296,25.784920033937315
2021-11-03,0.8196197575289901,24.89320712278462,25.71282688031361
2021-11-04,0.704891665133303,24.890691557751754,25.595583222885057
2021-11-05,0.6142835993829401,24.888177191289696,25.502460790672636
2021-11-06,0.7575626367298014,24.525737144679315,25.283299781409116
2021-11-07,0.6666984721643843,24.523225175358878,25.189923647523262
2021-11-08,0.5516758892564582,24.880641283328384,25.432317172584842
2021-11-09,0.8889939936111304,24.878131711149564,25.767125704760694
2021-11-10,0.8399416110397233,24.875623337541555,25.715564948581278
2021-11-11,0.8076626635195829,24.873116162504356,25.68077882602394
2021-11-12,0.7655740428869109,24.87061018603797,25.63618422892488
2021-11-13,0.9831585162705956,24.508178529423255,25.49133704569385
2021-11-14,0.8613786129920307,24.505674950098488,25.36705356309052
2021-11-15,0.7446636891326825,24.86309944806366,25.607763137196343
2021-11-16,0.7178537646403562,24.86059826588051,25.578452030520864
2021-11-17,0.6439553182792608,24.85809828226817,25.50205360054743
2021-11-18,0.714879448874477,24.85559949722664,25.570478946101115
2021-11-19,0.5827673685264863,24.853101910755917,25.435869279282404
2021-11-20,0.7960886625763699,24.490678644136878,25.286767306713248
2021-11-21,0.7527933808050165,24.488183454807775,25.24097683561279
2021-11-22,0.7246811851932584,24.84561634276862,25.570297527961877
2021-11-23,0.6442351672948092,24.843123550581137,25.487358717875946
2021-11-24,0.6244947326723498,24.840631956964465,25.465126689636815
2021-11-25,0.5995049526202472,24.8381415619186,25.437646514538848
2021-11-26,0.49108427199301374,24.83565236544355,25.326736637436564
2021-11-27,0.7973280104349314,24.473237488820175,25.270565499255106
2021-11-28,0.7881219732344817,24.470750689486746,25.258872662721227
2021-11-29,0.6060538476512711,24.828191967443253,25.434245815094524
2021-11-30,0.5937696296616011,24.887393523122093,25.481163152783694
2021-12-01,0.7300494537648596,24.823224361630437,25.553273815395297
2021-12-02,0.47886921111923897,24.820742356580244,25.299611567699483
2021-12-03,0.4730095438193622,24.81826155010086,25.291271093920223
2021-12-04,0.9139125047497565,24.455855063473155,25.369767568222912
2021-12-05,0.7437227390395797,24.453376654135393,25.197099393174973
2021-12-06,0.45721975327109377,24.81082632208757,25.268046075358665
2021-12-07,0.34202310204651454,24.808350309891427,25.15037341193794
2021-12-08,0.1983730355577542,24.805875496266093,25.004248531823848
2021-12-09,0.2275241794491123,24.803401881211567,25.03092606066068
2021-12-10,0.12096498881687623,24.800929464727854,24.92189445354473
2021-12-11,0.3598561820745907,24.438531368095816,24.798387550170407
2021-12-12,0.21524496802050663,24.43606134875372,24.651306316774228
2021-12-13,0.20661784911599668,24.793519406701567,25.000137255817563
2021-12-14,0.1731435493722877,24.791051784501093,24.96419533387338
2021-12-15,0.2557577816285317,24.788585360871426,25.044343142499958
2021-12-16,0.20037816203594971,24.78612013581257,24.98649829784852
2021-12-17,0.19393120989500545,24.783656109324525,24.97758731921953
2021-12-18,0.2715170098805828,24.421266402688154,24.692783412568737
2021-12-19,0.12131333742715356,24.418804773341726,24.54011811076888
2021-12-20,-0.06615896253394027,24.776271221285242,24.710112258751302
2021-12-21,0.03550090611670598,24.773811989080436,24.80931289519714
2021-12-22,0.14082520208992477,24.77135395544644,24.912179157536364
2021-12-23,0.21164400956624618,24.76889712038325,24.980541129949497
2021-12-24,0.049677103496243546,24.766441483890873,24.816118587387116
2021-12-25,0.4545710257647002,24.404060167250172,24.858631193014872
2021-12-26,0.22038874998839475,24.401606927899415,24.62199567788781
2021-12-27,0.1624478641054985,24.7590817658386,24.9215296299441
2021-12-28,0.4151037712885959,24.756630923629462,25.171734694918058
2021-12-29,0.6883422692844583,24.754181279991133,25.44252354927559
2021-12-30,0.5469277975360036,24.751732834923615,25.29866063245962
2021-12-31,0.4176078006554462,24.73317718308967,25.150784983745115
2022-01-01,0.5768840090616436,24.386912661781874,24.963796670843518
2022-01-02,0.7490479760056985,24.384467812426784,25.133515788432483
2022-01-03,0.524503236083568,24.741951040361634,25.266454276445202
2022-01-04,0.6276856542558988,24.739508588148166,25.367194242404064
2022-01-05,0.7919651448709573,24.737067334505504,25.52903247937646
2022-01-06,0.7763638552437193,24.734627279433656,25.510991134677376
2022-01-07,0.829938983724702,24.732188422932616,25.562127406657318
2022-01-08,0.9477274267540174,24.36982388628325,25.317551313037267
2022-01-09,1.2014643815456871,24.36738742692383,25.568851808469518
2022-01-10,1.2588345165467345,24.72487904485435,25.983713561401085
2022-01-11,1.0922495095980231,24.72244498263655,25.814694492234572
2022-01-12,1.0422915410391802,24.72001211898956,25.76230366002874
2022-01-13,1.013636056431075,24.717580453913378,25.731216510344453
2022-01-14,1.0497363211159652,24.715149987408005,25.76488630852397
2022-01-15,1.150334559913567,24.35279384075431,25.503128400667876
2022-01-16,1.0884951977299089,24.350365771390557,25.438860969120466
2022-01-17,0.7920938172439698,24.707865779316748,25.499959596560718
2022-01-18,0.6783703916426127,24.705440107094613,25.383810498737226
2022-01-19,0.6257942268653132,24.70301563344329,25.328809860308603
2022-01-20,0.6968703791339941,24.700592358362776,25.39746273749677
2022-01-21,1.0291647974146976,24.698170281853074,25.72733507926777
2022-01-22,1.3044797166638844,24.33582252519505,25.640302241858933
2022-01-23,1.0634480283262917,24.333402845826964,25.396850874153255
2022-01-24,0.8246867718287128,24.690911243748822,25.515598015577535
2022-01-25,0.7430016496285461,24.688493961522358,25.431495611150904
2022-01-26,0.8003529254980641,24.686077877866705,25.48643080336477
2022-01-27,0.8889579625396813,24.68366299278186,25.57262095532154
2022-01-28,0.8489899704243129,24.681249306267823,25.530239276692136
2022-01-29,1.0203881731956805,24.318909939605465,25.339298112801146
2022-01-30,0.9078331202588963,24.31649865023305,25.224331770491947
2022-01-31,0.605584186433525,24.735701396021227,25.341285582454752
2022-02-01,0.8994186996415472,24.671606545919783,25.57102524556133
2022-02-02,0.7977728704607685,24.669198852259797,25.466971722720565
2022-02-03,0.6578859888709161,24.66679235717062,25.324678346041537
2022-02-04,0.5801407670470553,24.664387060652253,25.244527827699308
2022-02-05,0.6416741200370559,24.302056083985565,24.94373020402262
2022-02-06,0.5393232889698858,24.299653184608818,24.838976473578704
2022-02-07,0.6236394051255232,24.65717836252201,25.280817767647534
2022-02-08,0.4342106887783963,24.654777860286885,25.08898854906528
2022-02-09,0.3403828548092136,24.65237855662257,24.992761411431783
2022-02-10,0.356432993917565,24.64998045152906,25.006413445446626
2022-02-11,0.2329836951497697,24.647583545006363,24.880567240156132
2022-02-12,0.3990648217575483,24.285260958335343,24.68432578009289
2022-02-13,0.2896541007486739,24.282866448954262,24.572520549702936
2022-02-14,-0.06429862030235256,24.640400016863126,24.576101396560773
2022-02-15,0.047174689010685,24.638007904623667,24.68518259363435
2022-02-16,0.259369932700384,24.63561699095502,24.894986923655402
2022-02-17,0.24095228127876211,24.63322727585718,24.874179557135943
2022-02-18,0.5082343383917056,24.63083875933015,25.139073097721855
2022-02-19,0.4757092255911779,24.2685245626548,24.744233788245978
2022-02-20,0.39601694834783885,24.26613844326939,24.66215539161723
2022-02-21,0.46087789598132645,24.62368040117392,25.084558297155247
2022-02-22,0.4196726024338986,24.621296678930133,25.04096928136403
2022-02-23,0.2801491069252542,24.61891415525715,24.899063262182406
2022-02-24,0.30386417722678516,24.61653283015498,24.920397007381766
2022-02-25,-0.026998154370939886,24.61415270362362,24.58715454925268
2022-02-26,0.09141308017529681,24.251846896943935,24.34325997711923
2022-02-27,-0.0014144808964218214,24.249469167554196,24.248054686657774
2022-02-28,-0.03633510826540487,24.668705473325048,24.632370365059643
2022-03-01,0.05431848878034273,24.604644183206275,24.658962671986618
2022-03-02,-0.06036206636120056,24.60227004952896,24.54190798316776
2022-03-03,-0.1509704438067061,24.59989711442246,24.448926670615755
2022-03-04,-0.23751927625074032,24.597525377886768,24.360006101636028
2022-03-05,-0.12818550786521854,24.235227961202753,24.107042453337534
2022-03-06,-0.20756775311108555,24.23285862180868,24.025290868697596
2022-03-07,-0.4098305552985195,24.59041735970455,24.18058680440603
2022-03-08,-0.45380085103880674,24.588050417452095,24.13424956641329
2022-03-09,-0.36454432542310755,24.58568467377045,24.221140348347344
2022-03-10,-0.5457426033392103,24.58332012865962,24.03757752532041
2022-03-11,-0.6595012661743773,24.580956782119596,23.92145551594522
2022-03-12,-0.5214562567283636,24.218667755431248,23.697211498702885
2022-03-13,-0.35070845112305804,24.216306806032847,23.86559835490979
2022-03-14,-0.6111700503197248,24.573873933924382,23.962703883604657
2022-03-15,-0.49691772356488073,24.5715153816676,24.074597658102718
2022-03-16,-0.2737512630333576,24.569158027981626,24.295406764948268
2022-03-17,-0.21054212095370417,24.56680187286646,24.356259751912756
2022-03-18,-0.020909290058948926,24.564446916322105,24.543537626263156
2022-03-19,-0.25790419071019244,24.202166279629427,23.944262088919235
2022-03-20,-0.44918959946726744,24.19981372022669,23.750624120759422
2022-03-21,-0.5086475709422906,24.557389238113895,24.048741667171605
2022-03-22,-0.23751253341540135,24.555039075852783,24.31752654243738
2022-03-23,-0.36264780565001686,24.552690112162473,24.190042306512456
2022-03-24,-0.12339371902128704,24.550342347042978,24.42694862802169
2022-03-25,-0.2188537336304428,24.547995780494293,24.32914204686385
2022-03-26,-0.16154054331408574,24.185723533797283,24.024182990483197
2022-03-27,-0.2769244996954434,24.183379364390216,23.906454864694773
2022-03-28,-0.15778012058498447,24.54096327227309,24.383183151688105
2022-03-29,-0.12112129012657036,24.538621500007643,24.417500209881073
2022-03-30,-0.13971142047088847,24.536280926313005,24.396569505842116
2022-03-31,-0.0550398670170793,24.517833145851945,24.462793278834866
2022-04-01,0.17904124638911156,24.53160337463616,24.71064462102527
2022-04-02,0.41545104301929925,24.16933951793482,24.58479056095412
2022-04-03,0.33176449769042904,24.16700373852342,24.49876823621385
2022-04-04,0.2136472296813814,24.524596036401963,24.738243266083344
2022-04-05,0.3017018453157725,24.522262654132184,24.823964499447957
2022-04-06,0.1400922466462724,24.519930470433216,24.66002271707949
2022-04-07,0.09632576590128039,24.517599485305055,24.613925251206336
2022-04-08,0.08469160796738606,24.515269698747705,24.59996130671509
2022-04-09,0.039478565209204675,24.153014232042036,24.19249279725124
2022-04-10,-0.09891266299498724,24.150686842626303,24.051774179631316
2022-04-11,-0.1490009644751602,24.508287530500517,24.359286566025357
2022-04-12,-0.059919274116779775,24.505962538226406,24.446043264109626
2022-04-13,-0.047588919285377784,24.503638744523105,24.456049825237727
2022-04-14,-0.08214884661364152,24.501316149390615,24.419167302776973
2022-04-15,-0.26289434547311785,24.498994752828935,24.236100407355817
2022-04-16,-0.2058695565426376,24.13674767611893,23.930878119576292
2022-04-17,-0.3304200930992174,24.134428676698867,23.80400858359965
2022-04-18,-0.396615109940857,24.49203775456875,24.09542264462789
2022-04-19,-0.1603482531163678,24.489721152290308,24.32937289917394
2022-04-20,0.05311980538119343,24.487405748582674,24.540525553963867
2022-04-21,0.23445723952474395,24.485091543445854,24.719548782970598
2022-04-22,0.001057318918711303,24.48277853687984,24.483835855798553
2022-04-23,-0.04429712352539639,24.120539850165507,24.07624272664011
2022-04-24,-0.13213215936043454,24.118229240741112,23.986097081380677
2022-04-25,0.02197358553083717,24.47584670860666,24.497820294137497
2022-04-26,-0.05930848712423753,24.47353849632389,24.414230009199652
2022-04-27,-0.05334191981617664,24.471231482611927,24.41788956279575
2022-04-28,-0.00014951181260869362,24.46892566747077,24.468776155658162
2022-04-29,-0.020424601295232492,24.46662105090043,24.446196449605196
2022-04-30,0.22452333977515337,24.166076712052412,24.390600051827565
2022-05-01,0.747037656166718,24.102088534753037,24.849126190919755
2022-05-02,0.34083230022028843,24.459714392614256,24.800546692834544
2022-05-03,0.274992630129816,24.45741457032715,24.732407200456965
2022-05-04,0.03867231699284801,24.455115946610853,24.4937882636037
2022-05-05,0.10160515045084395,24.452818521465367,24.55442367191621
2022-05-06,-0.12186284966926308,24.450522294890693,24.32865944522143
2022-05-07,-0.016536034772386188,24.088300388167696,24.07176435339531
2022-05-08,-0.24459315831979112,24.08600655873464,23.841413400414847
2022-05-09,-0.11506228470915403,24.443640806591524,24.32857852188237
2022-05-10,0.1680564899295547,24.44134937430009,24.609405864229643
2022-05-11,0.9019027543755556,24.439059140579463,25.34096189495502
2022-05-12,1.3010165691157276,24.43677010542965,25.737786674545376
2022-05-13,0.5194038619594252,24.43448226885064,24.953886130810066
2022-05-14,0.12683385674231573,24.07226875212331,24.199102608865626
2022-05-15,-0.3362775173389778,24.069983312685924,23.733705795346946
2022-05-16,-0.7511259597216231,24.427625950538477,23.676499990816854
2022-05-17,-0.4349702644385509,24.425342908242712,23.99037264380416
2022-05-18,-0.5871060924821734,24.423061064517753,23.83595497203558
2022-05-19,-0.6068823058971695,24.420780419363606,23.813898113466436
2022-05-20,-0.5611395005497855,24.418500972780265,23.85736147223048
2022-05-21,-0.5245339455700133,24.056295846048606,23.531761900478593
2022-05-22,-0.4705797319453673,24.054018796606886,23.58343906466152
2022-05-23,-0.6148586123141442,24.41166982445511,23.796811212140966
2022-05-24,-0.5944652155793548,24.409395172155012,23.814929956575657
2022-05-25,-0.4463780086238991,24.40712171842572,23.96074370980182
2022-05-26,0.011698097020957476,24.40484946326724,24.416547560288198
2022-05-27,-0.0832542297966441,24.402578406679574,24.31932417688293
2022-05-28,-0.5076086244216675,24.040381669943578,23.53277304552191
2022-05-29,-0.5329811125843982,24.03811301049753,23.50513189791313
2022-05-30,-0.31536399802810067,24.39577242834142,24.08040843031332
2022-05-31,-0.06123941793730836,24.45519212390764,24.39395270597033
2022-06-01,0.1662367950234298,24.39124110230337,24.557477897326798
2022-06-02,0.3347759342923702,24.38897723714056,24.72375317143293
2022-06-03,0.3414714958471663,24.38671457054856,24.728186066395725
2022-06-04,0.48570443397866114,24.024526223808234,24.510230657786895
2022-06-05,0.37973158630637016,24.022265954357852,24.401997540664222
2022-06-06,0.11313092257340429,24.379933762197414,24.493064684770818
2022-06-07,0.11975441351561855,24.37767588988865,24.49743030340427
2022-06-08,0.474469903395363,24.375419216150696,24.84988911954606
2022-06-09,0.38454616570482614,24.373163740983557,24.757709906688383
2022-06-10,0.20235595303805098,24.37090946438722,24.573265417425272
2022-06-11,0.0926949875865617,24.008729507642567,24.10142449522913
2022-06-12,0.02051871723756804,24.006477628187856,24.026996345425424
2022-06-13,0.582058995653103,24.364153826023085,24.946212821676188
2022-06-14,0.10660169115697116,24.36190434370999,24.468506034866962
2022-06-15,0.30748589699111406,24.359656059967705,24.66714195695882
2022-06-16,-0.0630807641467861,24.357408974796233,24.294328210649446
2022-06-17,-0.2615552533742296,24.355163088195567,24.093607834821338
2022-06-18,0.09571539667506812,23.99299152144658,24.088706918121648
2022-06-19,-0.23815446130934248,23.990748031987536,23.752593570678194
2022-06-20,-0.560471679368991,24.348432619818436,23.787960940449445
2022-06-21,-0.2633630236150317,24.34619152750101,24.082828503885978
2022-06-22,-0.292210888853635,24.343951633754394,24.05174074490076
2022-06-23,-0.10767365533759232,24.34171293857859,24.234039283240996
2022-06-24,-0.14470434272173804,24.339475441973594,24.194771099251856
2022-06-25,0.10145998009170043,23.977312265220274,24.078772245311974
2022-06-26,0.10961451481153972,23.9750771657569,24.08469168056844
2022-06-27,-0.08038216597164194,24.332770143583463,24.25238797761182
2022-06-28,-0.007548853185340931,24.330537441261708,24.322988588076367
2022-06-29,0.040271275506587045,24.328305937510763,24.36857721301735
2022-06-30,0.1004924461359451,24.30996722699339,24.410459673129335
2022-07-01,-0.5235493825311472,24.323846525721297,23.80029714319015
2022-07-02,-0.760835226240232,23.961691738963648,23.200856512723416
2022-07-03,-0.640896388167274,23.95946502949594,23.318568641328667
2022-07-04,-0.7095193418692212,24.317166397318175,23.607647055448954
2022-07-05,-0.4801873319615133,24.314942084992087,23.834754753030573
2022-07-06,-0.40233595152815127,24.31271897123681,23.910383019708657
2022-07-07,-0.33687409337566265,24.31049705605234,23.97362296267668
2022-07-08,-0.5028798060499717,24.30827633943868,23.80539653338871
2022-07-09,-0.6899850789267816,23.946129942676702,23.25614486374992
2022-07-10,-0.6842508433045325,23.943911623204663,23.25966077990013
2022-07-11,-0.6042819388182927,24.301621381022567,23.697339442204274
2022-07-12,-0.6867391867643065,24.299405458692146,23.61266627192784
2022-07-13,-0.5598255344777883,24.297190734932535,23.737365200454747
2022-07-14,-0.4870587567175626,24.294977209743738,23.807918453026176
2022-07-15,-0.4854462483763946,24.29276488312575,23.807318634749354
2022-07-16,-0.64723137225225,23.930626876359433,23.283395504107183
2022-07-17,-0.5916397514757783,23.928416946883065,23.336777195407286
2022-07-18,-0.47895426554934417,24.286135094696636,23.807180829147292
2022-07-19,-0.41938500167399084,24.283927562361885,23.864542560687894
2022-07-20,-0.5593243782627262,24.281721228597945,23.72239685033522
2022-07-21,-0.944510266918968,24.279516093404812,23.335005826485844
2022-07-22,-1.1373082143325028,24.27731215678249,23.140003942449987
2022-07-23,-1.075892898720138,23.91518254001185,22.83928964129171
2022-07-24,-1.1936737588688509,23.912981000531143,22.719307241662293
2022-07-25,-1.1764590815621077,24.270707538340385,23.094248456778278
2022-07-26,-0.6517854268804975,24.2685083960013,23.616722969120804
2022-07-27,-1.1112686065110324,24.266310452233032,23.155041845722
2022-07-28,-0.8397293240957637,24.264113707035566,23.424384382939802
2022-07-29,-1.1057355268308662,24.261918160408914,23.156182633578048
2022-07-30,-1.3956071632526204,23.89979693363394,22.50418977038132
2022-07-31,-1.4803119197665566,23.959289742019557,22.478977822253
2022-08-01,-1.122200464970124,24.255338711953815,23.13313824698369
2022-08-02,-1.2348838322120024,24.253147959610402,23.0182641273984
2022-08-03,-1.2615269928506194,24.250958405837796,22.989431412987177
2022-08-04,-1.1271423386760588,24.248770050636004,23.121627711959945
2022-08-05,-1.147729981148668,24.24658289400502,23.09885291285635
2022-08-06,-1.3133901507171153,23.884470057225712,22.571079906508597
2022-08-07,-1.3588054859934537,23.882285297736345,22.52347981174289
2022-08-08,-1.0670117783406354,24.240028615536925,23.17301683719629
2022-08-09,-0.9403840253741471,24.23784625318918,23.297462227815032
2022-08-10,-0.6613784306549206,24.235665089412244,23.574286658757323
2022-08-11,-0.5833648815379853,24.23348512420612,23.650120242668134
2022-08-12,-0.9406828353598797,24.2313063575708,23.29062352221092
2022-08-13,-1.046513300839898,23.869201910787165,22.822688609947267
2022-08-14,-1.1463241059042524,23.86702554129347,22.720701435389216
2022-08-15,-0.8021522412702353,24.224777249089712,23.422625007819477
2022-08-16,-1.22798146109956,24.222603276737637,22.994621815638077
2022-08-17,-1.3127074699301033,24.22043050295637,22.907723033026265
2022-08-18,-1.3303666493223574,24.218258927745914,22.887892278423557
2022-08-19,-0.8662458503550141,24.216088551106264,23.34984270075125
2022-08-20,-1.1804449247700433,23.853992494318295,22.67354756954825
2022-08-21,-1.5791076590480593,23.85182451482027,22.27271685577221
2022-08-22,-1.1469091959657227,24.209584612612183,23.06267541664646
2022-08-23,-1.1584055068758161,24.207419030255775,23.04901352337996
2022-08-24,-1.2694902140596653,24.205254646470177,22.93576443241051
2022-08-25,-1.312154527295128,24.203091461255386,22.89093693396026
2022-08-26,-1.213550448236127,24.20092947461141,22.987379026375283
2022-08-27,-1.2858331856425664,23.838841807819108,22.55300862217654
2022-08-28,-1.3928004084945123,23.83668221831675,22.443881809822237
2022-08-29,-1.0069337672144378,24.19445070610433,23.187516938889893
2022-08-30,-0.800269149184544,24.192293513743593,23.39202436455905
2022-08-31,-0.7092059959109491,24.25182347782431,23.54261748191336
2022-09-01,-0.7732844172423796,24.187982724734542,23.414698307492163
2022-09-02,-1.0824089283145213,24.18582912808623,23.10342019977171
2022-09-03,-1.3220901127058227,23.823749851289598,22.501659738583776
2022-09-04,-1.3374837053624944,23.821598651782907,22.484114946420412
2022-09-05,-1.407141148854759,24.17937552956616,22.7722343807114
2022-09-06,-1.0232217759164008,24.177226727201088,23.154004951284687
2022-09-07,-0.7063277865191786,24.175079123406828,23.46875133688765
2022-09-08,-0.7289074477935493,24.172932718183375,23.444025270389826
2022-09-09,-0.6033952797789617,24.170787511530733,23.56739223175177
2022-09-10,-0.9498902979597901,23.80871662472977,22.85882632676998
2022-09-11,-1.187008199313393,23.806573815218748,22.619565615905355
2022-09-12,-0.9737716126571279,24.164359082997667,23.19058747034054
2022-09-13,-1.0416123693066694,24.162218670628263,23.120606301321594
2022-09-14,-1.114488838534431,24.16007945682967,23.04559061829524
2022-09-15,-1.0380413785514584,24.15794144160189,23.11990006305043
2022-09-16,-1.5239463456880316,24.155804624944917,22.631858279256885
2022-09-17,-1.5751045545053444,23.79374212813962,22.218637573634275
2022-09-18,-1.6078686469706724,23.791607708624266,22.183739061653593
2022-09-19,-1.4899317772803222,24.149401366398855,22.659469589118533
2022-09-20,-1.4118510905148582,24.147269344025123,22.735418253510264
2022-09-21,-1.4278861587511997,24.145138520222197,22.717252361470997
2022-09-22,-1.4700227621112631,24.143008894990082,22.67298613287882
2022-09-23,-1.6428257504413502,24.140880468328778,22.498054717887428
2022-09-24,-1.5916012531925752,23.77882636151915,22.187225108326576
2022-09-25,-1.4662330652275486,23.776700331999464,22.310467266771916
2022-09-26,-1.6285465702584538,24.134502379769724,22.50595580951127
2022-09-27,-0.9902069775711091,24.13237874739166,23.14217176982055
2022-09-28,-0.9669385969507864,24.130256313584404,23.163317716633617
2022-09-29,-1.1072044807136265,24.128135078347956,23.02093059763433
2022-09-30,-0.9266362617862214,24.109906636345087,23.183270374558866
2022-10-01,-1.1552414469143315,23.763969324868363,22.60872787795403
2022-10-02,-1.6129249590351478,23.761851685344347,22.1489267263092
2022-10-03,-1.0389135956836313,24.11966212311027,23.08074852742664
2022-10-04,-1.0043148299614657,24.117546880727875,23.11323205076641
2022-10-05,-1.2065995798220648,24.115432836916288,22.908833257094223
2022-10-06,-1.30853211416375,24.11331999167551,22.80478787751176
2022-10-07,-1.6085023635606994,24.111208345005544,22.502705981444844
2022-10-08,-1.0559943707151263,23.74917101818725,22.693176647472125
2022-10-09,0.23083048713455057,23.747061768658902,23.977892255793453
2022-10-10,0.10691832767752629,24.104880596420497,24.211798924098023
2022-10-11,-0.16665157201051173,24.10277374403377,23.936122172023257
2022-10-12,-0.533681058965044,24.10066809021785,23.566987031252808
2022-10-13,-0.6066393675243944,24.09856363497274,23.491924267448347
2022-10-14,-0.6752241974818389,24.096460378298445,23.421236180816607
2022-10-15,-0.31745126655736655,23.734431441475824,23.416980174918457
2022-10-16,-0.4820954069873089,23.732330581943142,23.250235174955833
2022-10-17,-0.6998118932549069,24.090157799700407,23.3903459064455
2022-10-18,-0.4909450484063278,24.088059337309346,23.59711428890302
2022-10-19,-0.43473262346710584,24.085962073489096,23.65122945002199
2022-10-20,-0.2581814962716251,24.083866008239657,23.82568451196803
2022-10-21,-0.21651226131929846,24.081771141561024,23.865258880241726
2022-10-22,-0.2026302588951019,23.719750594734073,23.51712033583897
2022-10-23,-0.548078127470049,23.71765812519706,23.169579997727013
2022-10-24,-0.8197007983579283,24.075493732949994,23.255792934592066
2022-10-25,-0.7842469556606275,24.0734036605546,23.289156704893973
2022-10-26,-0.770344490597914,24.07131478673002,23.300970296132107
2022-10-27,-0.8155314364106019,24.06922711147625,23.253695675065646
2022-10-28,-0.8765413226875829,24.067140634793287,23.190599312105704
2022-10-29,-0.7356294717268135,23.705128477962003,22.96949900623519
2022-10-30,-1.019228854582039,23.70304439842066,22.68381554383862
2022-10-31,-0.6388137089951869,24.12257435403991,23.483760645044722
2022-11-01,-0.9652304422521958,24.058806713769535,23.09357627151734
2022-11-02,-0.9445016819438727,24.056726229940622,23.11222454799675
2022-11-03,-0.5790301855852036,24.05464694468252,23.475616759097317
2022-11-04,-0.6523206937307258,24.052568857995226,23.4002481642645
2022-11-05,-0.5384461228281587,23.690565091159613,23.152118968331454
2022-11-06,-0.6384804618601478,23.688489401613936,23.050008939753788
2022-11-07,-0.8014350580608394,24.046341789358205,23.244906731297366
2022-11-08,-0.41915308158928966,24.044268496954153,23.625115415364863
2022-11-09,0.055409723926853616,24.042196403120908,24.09760612704776
2022-11-10,-0.0920838673978821,24.040125507858473,23.94804164046059
2022-11-11,-0.5000517011134065,24.03805581116685,23.538004110053443
2022-11-12,-0.35530088409396754,23.6760604343269,23.320759550232932
2022-11-13,-0.4107565891483844,23.673993134776897,23.263236545628512
2022-11-14,-0.520495310917763,24.031853912516834,23.51135860159907
2022-11-15,-0.5921130759418709,24.029789010108445,23.437675934166574
2022-11-16,-0.7080387377371196,24.02772530627087,23.31968656853375
2022-11-17,-0.743354314514697,24.025662801004103,23.282308486489406
2022-11-18,-0.8252489311694688,24.02360149430815,23.19835256313868
2022-11-19,-0.5390619548612214,23.66161450746387,23.12255255260265
2022-11-20,-0.5449305503034054,23.65955559790953,23.114625047606125
2022-11-21,-0.9431439655762119,24.01742476564514,23.074280800068927
2022-11-22,-0.8633258064721403,24.01536825323242,23.15204244676028
2022-11-23,-0.8194954110772699,24.013312939390513,23.193817528313243
2022-11-24,-0.8958078303738439,24.011258824119416,23.115450993745572
2022-11-25,-0.9780274275084047,24.00920590741913,23.031178479910725
2022-11-26,-0.6728088747054386,23.647227310570518,22.97441843586508
2022-11-27,-0.6943528581530316,23.64517679101185,22.950823932858817
2022-11-28,-0.9460451020977665,24.003054348743124,23.057009246645357
2022-11-29,-0.9487066640617492,24.001006226326076,23.052299562264327
2022-11-30,-0.9501160051870556,24.060645260350487,23.11052925516343
2022-12-01,-0.8795394492137447,23.996913577204406,23.11737412799066
2022-12-02,-0.8934838741256534,23.994869050499787,23.101385176374134
2022-12-03,-0.5288220120104192,23.632898843646846,23.104076831636426
2022-12-04,-0.5328931807645105,23.630856714083848,23.097963533319337
2022-12-05,-0.808517893373395,23.98874266181079,23.180224768437395
2022-12-06,-0.7207676603898499,23.98670292938941,23.26593526899956
2022-12-07,-0.6543661034525243,23.98466439553884,23.330298292086315
2022-12-08,-0.6637930766771838,23.98262706025908,23.318833983581897
2022-12-09,-0.37744419721543565,23.98059092355013,23.603146726334693
2022-12-10,-0.2840549652327482,23.618629106692854,23.334574141460106
2022-12-11,-0.319832203922509,23.616595367125523,23.296763163203014
2022-12-12,-0.5976763962341494,23.974489704848136,23.376813308613986
2022-12-13,-0.5878462732344829,23.972458362422422,23.38461208918794
2022-12-14,-0.6513703352509594,23.970428218567523,23.319057883316564
2022-12-15,-0.6530076560114075,23.96839927328343,23.315391617272024
2022-12-16,-0.5208567742484043,23.96637152657015,23.445514752321746
2022-12-17,-0.33874261726859345,23.604418099708543,23.26567548243995
2022-12-18,-0.3473541751916862,23.60239275013688,23.255038574945193
2022-12-19,-0.7318753331268617,23.960295477855162,23.2284201447283
2022-12-20,-0.6832157477424659,23.958272525425116,23.27505677768265
2022-12-21,-0.709809182569451,23.956250771565884,23.246441588996433
2022-12-22,-0.7206497093405062,23.954230216277463,23.233580506936956
2022-12-23,-0.76474155680609,23.952210859559848,23.187469302753758
2022-12-24,-0.5046075217837753,23.59026582269391,23.085658300910136
2022-12-25,-0.5440730527998596,23.58824886311792,23.04417581031806
2022-12-26,-0.8820156636295984,23.946159980831865,23.064144317202267
2022-12-27,-0.6687935481741434,23.94414541839749,23.275351870223346
2022-12-28,-0.6114128447623948,23.942132054533925,23.33071920977153
2022-12-29,-0.5357253798000201,23.94011988924117,23.40439450944115
2022-12-30,-0.516859925244777,23.938108922519227,23.42124899727445
2022-12-31,-0.12585331821363255,23.560063870311726,23.434210552098094
2023-01-01,-0.26150173851712566,23.574163706068635,23.31266196755151
2023-01-02,-0.5620221635766534,23.93208321377825,23.370061050201596
2023-01-03,-0.46062027728053323,23.930077041339544,23.46945676405901
2023-01-04,-0.409075598388867,23.92807206747165,23.518996469082783
2023-01-05,-0.2815272983332697,23.926068292174563,23.644540993841293
2023-01-06,-0.3810306143993927,23.924065715448286,23.543035101048893
2023-01-07,-0.1986901525222109,23.562137458573687,23.363447306051476
2023-01-08,-0.16599156724354458,23.56013727898903,23.394145711745484
2023-01-09,-0.3023221856434759,23.918065176694316,23.61574299105084
2023-01-10,-0.30162302554938236,23.91606739425128,23.614444368701896
2023-01-11,-0.2488730506231427,23.91407081037905,23.66519775975591
2023-01-12,-0.27181373478253334,23.91207542507763,23.640261690295098
2023-01-13,-0.31390169679688285,23.910081238347026,23.596179541550143
2023-01-14,0.09347640642194932,23.548161371468094,23.641637777890043
2023-01-15,-0.09538000263798097,23.546169581879106,23.450789579241125
2023-01-16,-0.3618973851961158,23.90410586958006,23.542208484383945
2023-01-17,-0.22394570548974002,23.90211647713269,23.67817077164295
2023-01-18,-0.2370379017105293,23.90012828325613,23.6630903815456
2023-01-19,-0.3637950919595099,23.89814128795038,23.53434619599087
2023-01-20,-0.41809233128613954,23.896155491215442,23.478063159929302
2023-01-21,-0.06798209465250693,23.53424401433218,23.466261919679674
2023-01-22,-0.14110434865326127,23.53226061473886,23.3911562660856
2023-01-23,-0.4957396704511119,23.890205292435482,23.39446562198437
2023-01-24,-0.4265154760576486,23.888224289983782,23.461708813926133
2023-01-25,-0.3858538209316258,23.886244486102893,23.500390665171267
2023-01-26,-0.38175479837196846,23.88426588079281,23.502511082420842
2023-01-27,-0.38783763243052505,23.882288474053542,23.494450841623017
2023-01-28,-0.14849410557269493,23.52038538716595,23.371891281593253
2023-01-29,-0.016116046544780716,23.518410377568298,23.502294331023517
2023-01-30,-0.36058353230206563,23.876363445260587,23.51577991295852
2023-01-31,-0.3860827691110842,23.936076790675205,23.54999402156412
2023-02-01,-0.27550160191364625,23.872419418919335,23.59691781700569
2023-02-02,0.05623194164517997,23.87044920360492,23.9266811452501
2023-02-03,0.12432603680796106,23.86848018686132,23.99280622366928
2023-02-04,0.2814866977473507,23.506585489969396,23.788072187716747
2023-02-05,0.09393140893571328,23.504618870367413,23.598550279303126
2023-02-06,-0.20619160722378993,23.862580328055373,23.656388720831583
2023-02-07,0.11982721259263229,23.860616105595007,23.98044331818764
2023-02-08,0.2802632894090884,23.858653081705455,24.138916371114544
2023-02-09,0.2143273409681825,23.85669125638671,24.071018597354893
2023-02-10,-0.013119702164576807,23.854730629638777,23.8416109274742
2023-02-11,0.0266644956194817,23.49284432274252,23.519508818362002
2023-02-12,-0.04409881471895716,23.490886093136208,23.44678727841725
2023-02-13,-0.08932489216394401,23.848855940819835,23.75953104865589
2023-02-14,-0.24394331170204708,23.84690010835514,23.602956796653093
2023-02-15,0.46022967802641546,23.844945474461255,24.30517515248767
2023-02-16,0.48458049289435223,23.84299203913818,24.327572532032534
2023-02-17,0.19130658513529397,23.841039802385914,24.03234638752121
2023-02-18,0.40937729761612474,23.479161885485325,23.88853918310145
2023-02-19,0.3141005504653478,23.47721204587468,23.791312596340028
2023-02-20,0.1283248259956693,23.835190283553978,23.963515109549647
2023-02-21,0.2178410542869358,23.833242841084953,24.05108389537189
2023-02-22,0.28985599868624234,23.831296597186736,24.121152595872978
2023-02-23,0.390142296998377,23.82935155185933,24.219493848857706
2023-02-24,0.22657401424072177,23.827407705102733,24.053981719343454
2023-02-25,0.28592157455441836,23.465538178197814,23.751459752752233
2023-02-26,0.2262860346563258,23.463596728582836,23.68988276323916
2023-02-27,-0.06930591390866425,23.8215833562578,23.752277442349136
2023-02-28,-0.14410146253051437,23.881330261655094,23.73722879912458
2023-03-01,0.1360262889758843,23.817706449881896,23.95373273885778
2023-03-02,0.06193665897659528,23.815769794550157,23.877706453526752
2023-03-03,0.10295955620768282,23.81383433778923,23.916793893996914
2023-03-04,0.313070691844878,23.45197320087998,23.765043892724858
2023-03-05,0.39646031870386267,23.450040141260672,23.846500459964535
2023-03-06,0.39247785705317284,23.808035158931304,24.200513015984477
2023-03-07,0.27020168107079456,23.806104496453614,24.07630617752441
2023-03-08,0.2652386208367261,23.804175032546734,24.06941365338346
2023-03-09,0.32978898429450254,23.802246767210665,24.132035751505168
2023-03-10,0.31828016123273883,23.800319700445407,24.118599861678145
2023-03-11,1.35219573464596,23.438466953531826,24.790662688177786
2023-03-12,0.26718659474911277,23.436542283908185,23.703728878657298
2023-03-13,0.0604622537673265,23.794545691574488,23.855007945341814
2023-03-14,0.12300676374473696,23.792623419092465,23.9156301828372
2023-03-15,0.11008623786282357,23.790702345181256,23.90078858304408
2023-03-16,0.04736583060020649,23.788782469840854,23.83614830044106
2023-03-17,0.003238567945832216,23.786863793071262,23.790102361017095
2023-03-18,0.054748859647428816,23.42501943615335,23.479768295800778
2023-03-19,-0.035557567642772625,23.42310315652538,23.387545588882606
2023-03-20,-0.21067889140079288,23.78111495418735,23.570436062786555
2023-03-21,-0.3511170448448837,23.779201071700996,23.428084026856112
2023-03-22,-0.31807318859820555,23.777288387785454,23.45921519918725
2023-03-23,-0.16553885290370474,23.775376902440723,23.609838049537018
2023-03-24,-0.08206115680044235,23.7734666156668,23.691405458866356
2023-03-25,0.04551993117340203,23.411630648744556,23.457150579917958
2023-03-26,0.06617010956412628,23.409722759112253,23.47589286867638
2023-03-27,-0.019999870151288235,23.767742946769893,23.747743076618605
2023-03-28,0.1889640947181661,23.765837454279207,23.954801548997374
2023-03-29,0.2386619836587549,23.763933160359333,24.002595144018088
2023-03-30,0.3605392005008774,23.762030065010272,24.12256926551115
2023-03-31,0.178151613569824,23.744019762894784,23.922171376464608
2023-04-01,0.33955838120861515,23.39830059130544,23.737858972514054
2023-04-02,0.26652093147085765,23.396401091668807,23.662922023139664
2023-04-03,0.05147398875568143,23.754429669322114,23.805903658077796
2023-04-04,0.19794961042643777,23.7525325668271,23.950482177253537
2023-04-05,0.4740167750873283,23.75063666290289,24.22465343799022
2023-04-06,0.30252668554954454,23.7487419575495,24.051268643099043
2023-04-07,0.06801072827074961,23.74684845076691,23.81485917903766
2023-04-08,0.3420903333793568,23.385029263836003,23.72711959721536
2023-04-09,0.3420337868822827,23.383138154195038,23.72517194107732
2023-04-10,0.040285313191748884,23.741175121844016,23.781460435035765
2023-04-11,0.09474137423029205,23.73928640934467,23.83402778357496
2023-04-12,0.06218889169686648,23.73739889541613,23.799587787112998
2023-04-13,0.37507367777021017,23.735512580058405,24.110586257828615
2023-04-14,0.2971689046441881,23.73362746327149,24.030796367915677
2023-04-15,0.5155078596479932,23.37181666633625,23.887324525984244
2023-04-16,0.5423844232574169,23.369933946690953,23.91231836994837
2023-04-17,0.4069992869450836,23.727979304335598,24.13497859128068
2023-04-18,0.7825422376639963,23.726098981831917,24.508641219495914
2023-04-19,1.2273267245114567,23.72421985789905,24.951546582410508
2023-04-20,1.076523663877623,23.72234193253699,24.798865596414615
2023-04-21,0.6408577766011483,23.720465205745743,24.36132298234689
2023-04-22,0.8844181286221975,23.358662798806172,24.24308092742837
2023-04-23,1.0390023575055345,23.356788469156545,24.39579082666208
2023-04-24,0.6864958941715891,23.714842216796857,24.401338110968446
2023-04-25,0.595397222627529,23.71297028428885,24.30836750691638
2023-04-26,0.6124443253778367,23.711099550351648,24.323543875729484
2023-04-27,0.5696775001409655,23.70923001498526,24.278907515126225
2023-04-28,0.5841988645959297,23.70736167818968,24.29156054278561
2023-04-29,0.9017912014832916,23.345567661245777,24.24735886272907
2023-04-30,0.899548779716639,23.405387679462468,24.304936459179107
2023-05-01,1.216348446303659,23.7017638592278,24.91811230553146
2023-05-02,1.4187698765900087,23.699900316715457,25.118670193305466
2023-05-03,1.3121584461464444,23.69803797277393,25.010196418920373
2023-05-04,1.3259228645818126,23.696176827403207,25.02209969198502
2023-05-05,1.9237126651147882,23.694316880603296,25.618029545718084
2023-05-06,2.2296955680766715,23.332531253655063,25.562226821731734
2023-05-07,2.0133968889487868,23.33067370399677,25.344070592945556
2023-05-08,1.5929852458841616,23.68874423162842,25.28172947751258
2023-05-09,1.4189699700356826,23.686889079111747,25.10585904914743
2023-05-10,1.3882029530069282,23.685035125165886,25.073238078172814
2023-05-11,1.531770227039324,23.683182369790835,25.21495259683016
2023-05-12,1.1776437901120822,23.68133081298659,24.858974603098673
2023-05-13,1.0951944078559812,23.319553576034025,24.414747983890006
2023-05-14,1.0567764147491978,23.317704416371402,24.3744808311206
2023-05-15,0.8361863938039278,23.67578333399872,24.511969727802647
2023-05-16,1.0397629269999733,23.673936571477718,24.71369949847769
2023-05-17,0.944906060492734,23.672091007527523,24.616997068020257
2023-05-18,0.8558914177963572,23.67024664214814,24.526138059944497
2023-05-19,0.7680179209498554,23.668403475339566,24.436421396289422
2023-05-20,0.8791431859085534,23.306634628382668,24.18577781429122
2023-05-21,0.8046036659080968,23.304793858715716,24.109397524623812
2023-05-22,0.6754271940943894,23.6628811663387,24.33830836043309
2023-05-23,0.9398865244528345,23.661042793813365,24.6009293182662
2023-05-24,0.6590239846443566,23.65920561985884,24.3182296045032
2023-05-25,0.5208609862128029,23.657369644475125,24.178230630687928
2023-05-26,0.4267191986215799,23.65553486766222,24.0822540662838
2023-05-27,0.5939018428463143,23.29377441070099,23.887676253547305
2023-05-28,0.7046602908795556,23.291942031029706,23.99660232190926
2023-05-29,0.576899081519862,23.65003772864836,24.226936810168223
2023-05-30,0.8819035393933845,23.648207746118697,24.53011128551208
2023-05-31,0.5162482342310284,23.708064920030488,24.224313154261516
2023-06-01,0.6655467041777534,23.64455137677179,24.310098080949544
2023-06-02,0.4078960448062183,23.642724989954555,24.050621034760773
2023-06-03,0.5378185414016237,23.280972922988994,23.818791464390618
2023-06-04,0.4422715988031669,23.279148933313376,23.721420532116543
2023-06-05,0.22541163457751523,23.6372530209277,23.862664655505217
2023-06-06,0.1924667209102715,23.635431428393705,23.827898149303977
2023-06-07,0.12940103751109433,23.633611034430515,23.76301207194161
2023-06-08,0.12418577242666018,23.631791839038137,23.755977611464797
2023-06-09,0.06433911259441061,23.629973842216568,23.69431295481098
2023-06-10,0.3587801239891171,23.268230165246678,23.627010289235795
2023-06-11,0.2290826092027629,23.266414565566727,23.49549717476949
2023-06-12,-0.1555818669611817,23.624527043176723,23.46894517621554
2023-06-13,-0.1859723041932,23.622713840638394,23.436741536445194
2023-06-14,-0.040921460711988544,23.620901836670875,23.579980375958886
2023-06-15,0.016432772186504963,23.619091031274163,23.635523803460668
2023-06-16,-0.11032440801494303,23.61728142444826,23.50695701643332
2023-06-17,0.17897926750933024,23.25554613747404,23.434525404983372
2023-06-18,0.13832226198431385,23.25373892778976,23.392061189774076
2023-06-19,-0.16853023330490657,23.61185979539542,23.443329562090515
2023-06-20,-0.19873887139054247,23.61005498285276,23.411316111462217
2023-06-21,-0.10266803116710932,23.60825136888091,23.5055833377138
2023-06-22,-0.17303086375737564,23.60644895347987,23.433418089722494
2023-06-23,-0.18198704373158847,23.604647736649635,23.422660692918047
2023-06-24,0.06714502431220382,23.242920839671083,23.310065863983287
2023-06-25,0.020861596970544127,23.24112201998247,23.261983616953014
2023-06-26,-0.32111636819577427,23.5992512775838,23.278134909388026
2023-06-27,-0.24520170193926916,23.59745485503681,23.35225315309754
2023-06-28,-0.03982388354634736,23.595659631060627,23.55583574751428
2023-06-29,0.3222940440505937,23.593865605655253,23.916159649705847
2023-06-30,0.3542196895549772,23.575964373483455,23.930184063038432
2023-07-01,0.24077500154456644,23.230354271837804,23.47112927338237
2023-07-02,0.10657438446260414,23.22856384214486,23.335138226607466
2023-07-03,-0.06208762142795621,23.58670148974186,23.524613868313903
2023-07-04,-0.04526210905582673,23.584913457190538,23.53965134813471
2023-07-05,1.0385124441457663,23.58312662321002,24.621639067355787
2023-07-06,0.7005437028722277,23.581340987800317,24.281884690672545
2023-07-07,0.36610593670528857,23.579556550961424,23.945662487666713
2023-07-08,0.29388350973776056,23.217846433974206,23.511729943711966
2023-07-09,0.18689340077307648,23.21606439427693,23.402957795050007
2023-07-10,-0.0628479931081074,23.5742104318696,23.51136243876149
2023-07-11,0.013229881066216365,23.572430789313945,23.58566067038016
2023-07-12,0.03480405136734177,23.570652345329098,23.60545639669644
2023-07-13,0.1901246793864395,23.56887509991506,23.7589997793015
2023-07-14,0.17660563397022244,23.567099053071836,23.743704687042058
2023-07-15,0.10057811900878377,23.205397326080288,23.30597544508907
2023-07-16,0.1874445440841086,23.203623676378683,23.39106822046279
2023-07-17,0.10572554470249429,23.56177810396702,23.667503648669513
2023-07-18,0.5341315636051824,23.56000685140703,24.094138415012214
2023-07-19,0.23234733837137256,23.558236797417855,23.790584135789228
2023-07-20,0.2637890117797035,23.556467941999486,23.82025695377919
2023-07-21,0.2891814013302145,23.55470028515193,23.843881686482145
2023-07-22,0.3563682337386922,23.19300694815605,23.549375181894742
2023-07-23,0.256620177314808,23.191241688450113,23.44786186576492
2023-07-24,0.4758332491238484,23.549404506034115,24.025237755157963
2023-07-25,0.42424096322068294,23.5476416434698,23.97188260669048
2023-07-26,0.36363549475035484,23.54587997947629,23.909515474226644
2023-07-27,0.3783653436153287,23.54411951405359,23.92248485766892
2023-07-28,0.43485920473817075,23.542360247201703,23.977219451939874
2023-07-29,0.47126479106323416,23.180675300201493,23.651940091264727
2023-07-30,0.3427644832203782,23.178918430491223,23.5216829137116
2023-07-31,0.002977072797975211,23.598775595941547,23.601752668739522
2023-08-01,0.23697977728123476,23.535335165502246,23.77231494278348
2023-08-02,0.2327944954446899,23.533581891504404,23.766376386949094
2023-08-03,0.0022575793497416896,23.531829816077376,23.534087395427118
2023-08-04,-0.040178238061646,23.530078939221156,23.48990070115951
2023-08-05,0.2222146400690015,23.168402382216613,23.390617022285614
2023-08-06,0.12455017144432645,23.166653902502013,23.29120407394634
2023-08-07,0.12141911591344012,23.524833500077353,23.646252615990793
2023-08-08,0.29614567046153795,23.52308741750437,23.81923308796591
2023-08-09,0.13138161389196412,23.5213425335022,23.652724147394164
2023-08-10,0.16326295053634965,23.51959884807084,23.68286179860719
2023-08-11,0.043317376157393284,23.51785636121029,23.56117373736768
2023-08-12,0.1369597000301006,23.156188194201413,23.293147894231513
2023-08-13,0.089309372693549,23.15444810448248,23.24375747717603
2023-08-14,0.08780823044348551,23.51263609205349,23.600444322496976
2023-08-15,0.19663199651754226,23.51089839947618,23.70753039599372
2023-08-16,0.4235514791748294,23.509161905469675,23.932713384644504
2023-08-17,0.4643102925039173,23.50742661003398,23.9717369025379
2023-08-18,0.3226445121140955,23.505692513169098,23.828337025283194
2023-08-19,0.21206884412746874,23.144032736155893,23.35610158028336
2023-08-20,0.10943000845385598,23.14230103643263,23.251731044886487
2023-08-21,0.08252979509321179,23.50049741399931,23.58302720909252
2023-08-22,0.3087881205960734,23.498768111417665,23.807556232013738
2023-08-23,0.10904893200217458,23.49704000740683,23.606088939409005
2023-08-24,0.09625173998320946,23.495313101966808,23.591564841950017
2023-08-25,0.217420467574712,23.49358739509759,23.711007862672304
2023-08-26,0.10268983477849858,23.131936008080054,23.234625842858552
2023-08-27,0.045669096247511476,23.13021269835246,23.17588179459997
2023-08-28,0.29499674058888914,23.488417465914807,23.783414206503696
2023-08-29,0.28597801162349157,23.48669655332883,23.77267456495232
2023-08-30,0.19809211152673356,23.484976839313667,23.6830689508404
2023-08-31,0.0032348089696938587,23.54494428173996,23.548179090709652
2023-09-01,-0.18748776343883478,23.481541006995762,23.294053243556927
2023-09-02,-0.007874150500992272,23.119898009973895,23.112023859472902
2023-09-03,-0.007959771455013254,23.11818309024197,23.110223318786957
2023-09-04,-0.20599556785334983,23.476396247799983,23.270400679946633
2023-09-05,-0.19762767462884057,23.474683725209676,23.277056050580835
2023-09-06,0.1036567108632056,23.47297240119018,23.576629112053386
2023-09-07,-0.043150279022295734,23.47126227574149,23.428111996719196
2023-09-08,-0.26080207632469055,23.469553348863613,23.208751272538922
2023-09-09,-0.09396346516042442,23.107918741837416,23.01395527667699
2023-09-10,-0.16037429695007432,23.106212212101156,22.94583791515108
2023-09-11,-0.18560915397953082,23.464433759654842,23.27882460567531
2023-09-12,-0.26259094928918003,23.462729627060202,23.200138677771022
2023-09-13,0.13925835218914173,23.461026693036374,23.600285045225515
2023-09-14,-0.15496634949042942,23.459324957583355,23.304358608092926
2023-09-15,-0.21575122153290138,23.457624420701144,23.241873199168243
2023-09-16,-0.1694544130956146,23.095998203670614,22.926543790575
2023-09-17,-0.21934326998303533,23.094300063930024,22.87495679394699
2023-09-18,-0.3707512005619371,23.452530001479378,23.08177880091744
2023-09-19,-0.31970943322352596,23.45083425888041,23.131124825656883
2023-09-20,-0.3223871187351186,23.449139714852247,23.12675259611713
2023-09-21,-0.3284686411300157,23.447446369394896,23.11897772826488
2023-09-22,-0.574050402218198,23.445754222508356,22.871703820290158
2023-09-23,-0.33186764958844606,23.084136395473493,22.752268745885047
2023-09-24,-0.3867493582564556,23.082446645728574,22.695697287472118
2023-09-25,-0.4815416946401392,23.440684973273594,22.959143278633455
2023-09-26,-0.20627062803627183,23.438997620670293,23.23272699263402
2023-09-27,-0.48079665104967617,23.4373114666378,22.956514815588125
2023-09-28,-0.5272497177687931,23.43562651117612,22.908376793407328
2023-09-29,-0.6459779174859648,23.433942754285248,22.787964836799283
2023-09-30,-0.3395918218403864,23.05622491190882,22.716633090068434
2023-10-01,-0.4234018744693664,23.0706519574968,22.647250083027433
2023-10-02,-0.15675406152088556,23.42889867503749,23.272144613516605
2023-10-03,-0.5669444346544914,23.427219712429856,22.860275277775365
2023-10-04,-0.6589908382605572,23.425541948393036,22.76655111013248
2023-10-05,-0.7796907231271,23.423865382927023,22.644174659799923
2023-10-06,-0.7999081774258627,23.42219001603182,22.622281838605957
2023-10-07,-0.5642033917085314,23.06058896898829,22.49638557727976
2023-10-08,-0.5965544172860184,23.05891599923471,22.46236158194869
2023-10-09,-0.7666321538116563,23.417171106771068,22.650538952959412
2023-10-10,-0.8353594931544457,23.415500534159104,22.58014104100466
2023-10-11,-0.7234695201690649,23.413831160117947,22.690361639948883
2023-10-12,-0.7994325388759052,23.412162984647605,22.6127304457717
2023-10-13,-0.8636590011499479,23.41049600774807,22.54683700659812
2023-10-14,-0.6445396675540245,23.04890335070021,22.404363683146187
2023-10-15,-0.6285395780745446,23.047238770942297,22.418699192867752
2023-10-16,-0.58226463138379,23.405502268474322,22.823237637090532
2023-10-17,-0.6996413026685175,23.40384008585803,22.70419878318951
2023-10-18,-0.6373202870071992,23.402179101812543,22.764858814805343
2023-10-19,-0.6064490868516828,23.400519316337864,22.79407022948618
2023-10-20,-0.23259503060381448,23.398860729434,23.166265698830184
2023-10-21,-0.3242827708803375,23.03727646238181,22.712993691501474
2023-10-22,-0.3473030051334689,23.035620272619564,22.688317267486095
2023-10-23,-0.12326509757231818,23.39389216014726,23.270627062574942
2023-10-24,0.5009120900773532,23.39223836752663,23.893150457603983
2023-10-25,0.18304453862771553,23.390585773476815,23.57363031210453
2023-10-26,0.3948215967858246,23.388934377997806,23.78375597478363
2023-10-27,0.14455919725893196,23.38728418108961,23.53184337834854
2023-10-28,0.1897017923190596,23.02570830403309,23.215410096352148
2023-10-29,0.22573658073558178,23.02406050426651,23.249797085002093
2023-10-30,0.27192106375627034,23.382340781789875,23.654261845546145
2023-10-31,0.4216090557338177,23.442381337035567,23.863990392769384
2023-11-01,0.38089356319883905,23.379051175110767,23.759944738309606
2023-11-02,0.5317911414070622,23.37740816962743,23.90919931103449
2023-11-03,0.3293334543431783,23.3757663627149,23.705099817058077
2023-11-04,0.3940711029063344,23.014198875654046,23.40826997856038
2023-11-05,0.6188106921658658,23.012559465883136,23.631370158049002
2023-11-06,0.7045985803338404,23.37084813340217,24.07544671373601
2023-11-07,0.608458809388118,23.36921112077288,23.977669930161
2023-11-08,0.645685079461213,23.3675753067144,24.013260386175613
2023-11-09,0.9554450933288017,23.36594069122673,24.32138578455553
2023-11-10,0.9586786657154285,23.36430727430987,24.322985940025298
2023-11-11,1.0920091741021416,23.002748177244683,24.094757351346825
2023-11-12,1.0057054977580826,23.001117157469444,24.006822655227527
2023-11-13,0.9980647163208047,23.359414214984145,24.35747893130495
2023-11-14,0.8444014223177199,23.357785592350524,24.202187014668244
2023-11-15,0.811485585105082,23.356158168287713,24.167643753392795
2023-11-16,0.8254495882882225,23.35453194279571,24.179981531083932
2023-11-17,0.6072737023336536,23.352906915874517,23.96018061820817
2023-11-18,0.7362285222766722,22.991356208805,23.727584731081674
2023-11-19,0.5886718038032583,22.98973357902543,23.578405382828688
2023-11-20,0.8553880763948314,23.3480390265358,24.203427102930632
2023-11-21,0.9258823507986875,23.346418793897847,24.272301144696534
2023-11-22,0.8573932157959661,23.344799759830703,24.20219297562667
2023-11-23,0.8246957315569645,23.34318192433437,24.167877655891335
2023-11-24,0.7509323613702108,23.341565287408848,24.09249764877906
2023-11-25,0.8033148438525934,22.980022970335,23.783337814187593
2023-11-26,0.8780720631334056,22.978408730551095,23.8564807936845
2023-11-27,0.8306050309090942,23.336722568057134,24.167327598966228
2023-11-28,0.8797776214788158,23.33511072541485,24.214888346893666
2023-11-29,0.9146103985568068,23.333500081343377,24.248110479900184
2023-11-30,0.9387418419360891,23.393576593713362,24.33231843564945
2023-12-01,0.9928114902372833,23.330282388912856,24.32309387915014
2023-12-02,1.2206771020228295,22.96874846183468,24.189425563857508
2023-12-03,1.1798201562445634,22.967142612046445,24.146962768291008
2023-12-04,1.2139615133491723,23.32546483954815,24.539426352897323
2023-12-05,1.3513757659593075,23.323861386901534,24.67523715286084
2023-12-06,1.4212422662064839,23.322259132825728,24.743501399032212
2023-12-07,1.1647381976445033,23.32065807732073,24.485396274965233
2023-12-08,1.1225023219327852,23.319058220386545,24.44156054231933
2023-12-09,1.2333476012464182,22.957532683304034,24.190880284550452
2023-12-10,1.0087263589605264,22.955935223511467,23.964661582471994
2023-12-11,1.0017204359342458,23.314265841008844,24.31598627694309
2023-12-12,1.1247554594342475,23.312670778357898,24.437426237792145
2023-12-13,1.2775867895690673,23.31107691427776,24.588663703846827
2023-12-14,1.2174654321397398,23.30948424876843,24.52694968090817
2023-12-15,1.2465058898290557,23.307892781829914,24.55439867165897
2023-12-16,1.59064697936984,22.946375634743074,24.537022614112914
2023-12-17,1.32669884692314,22.944786564946174,24.271485411869314
2023-12-18,1.29325447853261,23.303125572439217,24.596380050971828
2023-12-19,1.355090723870223,23.30153889978394,24.65662962365416
2023-12-20,1.4002314631241148,23.29995342569947,24.700184888823586
2023-12-21,1.054569346705911,23.29836915018581,24.35293849689172
2023-12-22,0.8573484832812426,23.296786073242963,24.154134556524205
2023-12-23,0.8538290919431688,22.93527731615179,23.78910640809496
2023-12-24,0.8084526408348616,22.93369663635056,23.742149277185423
2023-12-25,0.26325164033064397,23.29204403383927,23.555295674169916
2023-12-26,0.23803799223070143,23.29046575117966,23.52850374341036
2023-12-27,0.6749439543114661,23.288888667090863,23.96383262140233
2023-12-28,0.7526295014118638,23.28731278157287,24.039942282984732
2023-12-29,0.49959259031395575,23.28573809462569,23.785330684939645
2023-12-30,0.5340012690290621,22.924237727530187,23.45823899655925
2023-12-31,0.40300597981182307,22.90655703238739,23.309563012199213
2024-01-01,-0.1520538207486979,23.281021225209006,23.128967404460308
2024-01-02,0.33645264771587335,23.279451332545065,23.61590398026094
2024-01-03,0.5899498976620166,23.27788263845193,23.867832536113948
2024-01-04,0.472078982436976,23.27631514292961,23.748394125366588
2024-01-05,0.2569598853269852,23.2747488459781,23.531708731305084
2024-01-06,0.5516207089818899,22.913256868878264,23.464877577860154
2024-01-07,1.2283937912176697,22.91169296906837,24.14008676028604
2024-01-08,0.6215659766357753,23.270057146548417,23.891623123184193
2024-01-09,0.3027464184437818,23.268495643880147,23.57124206232393
2024-01-10,0.864311058589621,23.266935339782684,24.131246398372305
2024-01-11,0.7756831726307745,23.265376234256028,24.041059406886802
2024-01-12,0.47168867120536007,23.263818327300186,23.735506998505546
2024-01-13,0.6061991134267615,22.902334740196018,23.50853385362278
2024-01-14,1.148354454506329,22.900779230381794,24.049133684888123
2024-01-15,0.4751114889074053,23.259151797857513,23.734263286764918
2024-01-16,0.8862032302449201,23.257598685184906,24.143801915429826
2024-01-17,0.9964427873810813,23.256046771083113,24.252489558464195
2024-01-18,0.95961667568465,23.254496055552128,24.214112731236778
2024-01-19,0.7106099234458867,23.252946538591953,23.96355646203784
2024-01-20,0.5848815809681014,22.891471341483456,23.476352922451557
2024-01-21,0.33039509011297596,22.8899242216649,23.220319311777875
2024-01-22,0.19857398337912002,23.248305179136285,23.446879162515405
2024-01-23,0.10479464769710845,23.24676045645935,23.351555104156457
2024-01-24,-0.10603418059282532,23.245216932353223,23.139182751760398
2024-01-25,0.5957268928564119,23.243674606817905,23.839401499674317
2024-01-26,0.426311319877712,23.2421334798534,23.668444799731112
2024-01-27,0.3366736966525288,22.88066667274057,23.2173403693931
2024-01-28,0.2922827827944765,22.879127942917684,23.17141072571216
2024-01-29,0.01834388117689656,23.237517290384737,23.255861171561634
2024-01-30,0.6594911360595574,23.23598095770347,23.89547209376303
2024-01-31,0.5423071900520675,23.296131781463664,23.838438971515732
2024-02-01,0.6857178490185802,23.232911888053366,23.918629737071946
2024-02-02,0.5109430630004255,23.231379151084525,23.74232221408495
2024-02-03,0.6276045844105624,22.869920733967366,23.497525318377928
2024-02-04,0.5355024121854086,22.868390394140146,23.403892806325555
2024-02-05,0.2809069365796617,23.22678813160287,23.50769506818253
2024-02-06,0.8864875927805187,23.22526018891727,24.11174778169779
2024-02-07,0.9720456573699536,23.223733444802484,24.195779102172438
2024-02-08,1.4818151887408852,23.222207899258503,24.70402308799939
2024-02-09,1.6119052137396892,23.220683552285333,24.832588766025022
2024-02-10,1.365557637912591,22.85923352516384,24.224791163076432
2024-02-11,1.0869451137880688,22.857711575332292,23.94465668912036
2024-02-12,0.6805222977568341,23.216117702790683,23.896640000547517
2024-02-13,0.8457803023278885,23.214598150100752,24.06037845242864
2024-02-14,0.663005998566458,23.21307979598163,23.87608579454809
2024-02-15,0.8138363038945329,23.21156264043332,24.025398944327854
2024-02-16,0.7173953335829175,23.21004668345582,23.927442017038736
2024-02-17,0.7679726257466939,22.848605046329997,23.61657767207669
2024-02-18,0.9190882750689973,22.847091486494115,23.766179761563112
2024-02-19,0.9760619829521815,23.205506003948177,24.181567986900358
2024-02-20,1.075267724723055,23.203994841253913,24.279262565976968
2024-02-21,1.1018228189816703,23.20248487713046,24.30430769611213
2024-02-22,1.1969297091721423,23.20097611157782,24.397905820749962
2024-02-23,1.1344378237442427,23.199468544595987,24.33390636834023
2024-02-24,1.1529859374734954,22.83803529746583,23.991021234939325
2024-02-25,1.1588738360743491,22.83653012762562,23.995403963699967
2024-02-26,1.0023820188321118,23.194953035075347,24.19733505390746
2024-02-27,1.3496513455633838,23.193450262376754,24.543101607940137
2024-02-28,1.4857831925846696,23.19194868824897,24.67773188083364
2024-02-29,1.6461451298550926,23.252134270562646,24.89827940041774
2024-03-01,1.461124463109524,23.188949135705833,24.650073598815357
2024-03-02,1.7437649661349646,22.827524278571346,24.57128924470631
2024-03-03,1.7393734538013383,22.826027498726802,24.56540095252814
2024-03-04,1.7811174755579842,23.184458796172198,24.965576271730182
2024-03-05,1.9194314393108662,23.182964413469275,25.10239585278014
2024-03-06,1.828287981106758,23.18147122933716,25.009759210443917
2024-03-07,1.7026578747639505,23.179979243775854,24.882637118539805
2024-03-08,1.5525857337377076,23.17848845678536,24.731074190523067
2024-03-09,1.8179515864880393,22.81707198964654,24.63502357613458
2024-03-10,1.9336756602510583,22.815583599797662,24.74925926004872
2024-03-11,1.6969898294874142,23.17402328723873,24.871013116726143
2024-03-12,1.5637152617007146,23.172537294531473,24.736252556232188
2024-03-13,1.6361431325670779,23.171052500395028,24.807195632962106
2024-03-14,1.4664870193826545,23.16956890482939,24.636055924212044
2024-03-15,1.260533378885551,23.168086507834563,24.428619886720114
2024-03-16,1.3777304528317629,22.806678430691413,24.184408883523176
2024-03-17,1.2343118364409769,22.805198430838207,24.039510267279184
2024-03-18,0.9739648492457746,23.16364650827494,24.137611357520715
2024-03-19,1.1865797460842629,23.162168905563355,24.348748651647618
2024-03-20,1.1078623597943285,23.160692501422577,24.268554861216906
2024-03-21,0.9610227624881276,23.159217295852606,24.120240058340734
2024-03-22,0.7194293070564939,23.15774328885345,23.877172595909943
2024-03-23,0.8207493202788108,22.796343601705967,23.617092921984778
2024-03-24,0.8004758595784764,22.79487199184843,23.595347851426908
2024-03-25,0.6680362214472417,23.153328459280832,23.821364680728074
2024-03-26,0.7971071735563768,23.151859246564914,23.94896642012129
2024-03-27,0.9674298247603694,23.150391232419803,24.117821057180173
2024-03-28,1.0185108322266707,23.148924416845503,24.167435249072174
2024-03-29,0.7648882155564038,23.147458799842013,23.912347015398417
2024-03-30,0.964075717705061,22.7860675026902,23.750143220395262
2024-03-31,0.9486518812138058,22.768495877491098,23.717147758704904
2024-04-01,0.6170595597679167,23.143069140256404,23.76012870002432
2024-04-02,1.0018582851699342,23.141608317536154,24.143466602706088
2024-04-03,0.8208075610334227,23.140148693386713,23.960956254420136
2024-04-04,0.6473308151482513,23.13869026780808,23.78602108295633
2024-04-05,0.36226837333196826,23.13723304080026,23.49950141413223
2024-04-06,0.4489215631716448,22.775850133644116,23.22477169681576
2024-04-07,0.5719690252534377,22.774395303777915,23.346364329031353
2024-04-08,0.6190465145400701,23.132868551201653,23.751915065741724
2024-04-09,0.7164069479228772,23.131416118477073,23.84782306639995
2024-04-10,0.39554877595783466,23.1299648843233,23.525513660281135
2024-04-11,0.4647623158028864,23.128514848740338,23.593277164543224
2024-04-12,0.49828925536969493,23.127066011728186,23.62535526709788
2024-04-13,0.6134250471778131,22.765691494567708,23.37911654174552
2024-04-14,0.4099923658344302,22.764245054697177,23.174237420531608
2024-04-15,0.17859495769749856,23.122726692116586,23.301321649814085
2024-04-16,-0.1164912387232846,23.12128264938767,23.004791410664385
2024-04-17,0.266321429670068,23.119839805229567,23.386161234899635
2024-04-18,0.013967652228810579,23.118398159642275,23.132365811871086
2024-04-19,-0.09604556501811956,23.11695771262579,23.02091214760767
2024-04-20,-0.08369670942146357,22.755591585460984,22.67189487603952
2024-04-21,-0.06969972262626101,22.754153535586116,22.684453812959855
2024-04-22,-0.264198430621434,23.112643563001196,22.848445132379762
2024-04-23,-0.011975444371810084,23.11120791026795,23.09923246589614
2024-04-24,0.021483696558185272,23.109773456105515,23.1312571526637
2024-04-25,-0.15878638327083294,23.10834020051389,22.949553817243057
2024-04-26,-0.5198973574875012,23.106908143493072,22.58701078600557
2024-04-27,-0.3088004796900279,22.745550406323936,22.436749926633908
2024-04-28,-0.21254950370332182,22.74412074644474,22.531571242741418
2024-04-29,-0.25029018322862484,23.102619163855486,22.85232898062686
2024-04-30,-0.2238190430230773,23.16287785898856,22.93905881596548
2024-05-01,-0.23801615430147294,23.099765836951143,22.86174968264967
2024-05-02,-0.48161302605360135,23.098340971355185,22.616727945301584
2024-05-03,-0.5700912860897098,23.096917304330038,22.526826018240328
2024-05-04,-0.2728360700645105,22.73556795715657,22.46273188709206
2024-05-05,-0.3267261411529674,22.73414668727304,22.407420546120072
2024-05-06,-0.7065077462814777,23.092653494679453,22.386145748397976
2024-05-07,-0.5685430435321948,23.091234621937545,22.52269157840535
2024-05-08,-0.839369461850751,23.089816947766447,22.250447485915696
2024-05-09,-0.9187231389153361,23.08840047216616,22.169677333250824
2024-05-10,-0.7150911982592696,23.08698519513668,22.37189399687741
2024-05-11,-0.4261704984094479,22.725644237958882,22.299473739549434
2024-05-12,-0.7262554557642211,22.724231358071023,21.997975902306802
2024-05-13,-0.7317854100908079,23.082746555473104,22.350961145382296
2024-05-14,-0.48953831248781654,23.081336072726863,22.591797760239047
2024-05-15,-0.5789924909663,23.079926788551436,22.500934297585136
2024-05-16,-0.7990380079013271,23.078518702946816,22.27948069504549
2024-05-17,-0.9008438388293634,23.077111815913007,22.176267977083644
2024-05-18,-0.8030301012037597,22.715779248730872,21.912749147527112
2024-05-19,-0.84580195988827,22.714374758838684,21.868572798950414
2024-05-20,-0.41921383736483264,23.072898346236435,22.653684508871603
2024-05-21,0.1095896770792315,23.07149625348586,23.181085930565093
2024-05-22,-0.22162355468092798,23.0700953593061,22.848471804625174
2024-05-23,-0.023011781332087367,23.06869566369715,23.04568388236506
2024-05-24,-0.375561371049308,23.06729716665901,22.691735795609702
2024-05-25,-0.49469490193802557,22.705972989472546,22.21127808753452
2024-05-26,-0.5324464568026066,22.704576889576025,22.172130432773418
2024-05-27,0.21942816266826526,23.063108866969444,23.28253702963771
2024-05-28,0.3739274561305095,23.06171516421454,23.43564262034505
2024-05-29,-0.046147860063147306,23.060322660030447,23.0141747999673
2024-05-30,0.08338160881790913,23.058931354417165,23.142312963235074
2024-05-31,-0.2266395711848368,23.11922720524534,22.892587634060504
2024-06-01,-0.2673403776542571,22.696225460183896,22.42888508252964
2024-06-02,-0.015252578322218824,22.694837750283043,22.679585171960824
2024-06-03,0.05313996976325086,23.053378117672132,23.106518087435383
2024-06-04,-0.2437094906248518,23.0519928049129,22.808283314288047
2024-06-05,0.5830156227473005,23.050608690724474,23.633624313471774
2024-06-06,0.5119751412318507,23.04922577510686,23.56120091633871
2024-06-07,0.08763475677253041,23.047844058060054,23.135478814832585
2024-06-08,-0.08290032126424407,22.686536660864927,22.603636339600683
2024-06-09,-0.39041225185637884,22.685157340959744,22.294745089103365
2024-06-10,-0.5316138084267124,23.0437060983445,22.51209228991779
2024-06-11,0.09895310225349618,23.042329175580935,23.14128227783443
2024-06-12,0.32757750597836477,23.04095345138818,23.368530957366545
2024-06-13,0.13773203330238815,23.039578925766236,23.177310959068624
2024-06-14,-0.2939471320575464,23.0382055987151,22.744258466657552
2024-06-15,-0.5445717142838511,22.67690659151564,22.132334877231788
2024-06-16,-0.7138481501042229,22.675535661606123,21.9616875115019
2024-06-17,-0.8003461125960349,23.03409280898655,22.233746696390515
2024-06-18,-0.3557209599919595,23.03272427621865,22.677003316226692
2024-06-19,-0.49305765945188895,23.031356942021567,22.538299282569678
2024-06-20,-0.3149529914523832,23.02999080639529,22.715037814942907
2024-06-21,-0.9802841673983949,23.02862586933982,22.048341701941425
2024-06-22,-1.1483557375089077,22.66733525213603,21.518979514627123
2024-06-23,-1.1578560269283713,22.66597271222218,21.50811668529381
2024-06-24,-0.7849714086081079,23.02453824959828,22.23956684099017
2024-06-25,-0.914577650164226,23.023178106826048,22.108600456661822
2024-06-26,-1.0728374890366439,23.02181916262463,21.948981673587987
2024-06-27,-0.6495133053587665,23.020461416994024,22.370948111635258
2024-06-28,-0.9959077519564978,23.019104869934225,22.023197117977727
2024-06-29,-1.3391754977708743,22.657822642726103,21.31864714495523
2024-06-30,-1.0413477105111113,22.64036008747069,21.59901237695958
2024-07-01,-0.9485641449114581,23.015042420179686,22.066478275268228
2024-07-02,-0.9905677314346768,23.013690667403125,22.02312293596845
2024-07-03,-0.6448675846783125,23.012340113197375,22.367472528519063
2024-07-04,-0.3421227915654299,23.010990757562436,22.668867965997006
2024-07-05,-0.26108499830686327,23.009642600498307,22.748557602191443
2024-07-06,-1.2631114323474009,22.648368763285852,21.38525733093845
2024-07-07,-1.5380671087851923,22.647023003363344,21.108955894578152
2024-07-08,-1.2269301200670775,23.005605320730773,21.778675200663695
2024-07-09,-1.1243047101441235,23.004261957949883,21.87995724780576
2024-07-10,-0.7778603028849638,23.0029197937398,22.225059490854836
2024-07-11,-0.8795758788822994,23.00157882810053,22.12200294921823
2024-07-12,-1.2898630052029034,23.00023906103207,21.710376055829165
2024-07-13,-1.5107957323388455,22.638973613815285,21.12817788147644
2024-07-14,-1.0411982618217337,22.63763624388844,21.596437982066707
2024-07-15,-0.7357887221359682,22.996226951251543,22.260438229115575
2024-07-16,-0.33567738638610223,22.99489197846632,22.659214592080218
2024-07-17,-0.16228920596369178,22.993558204251904,22.831268998288213
2024-07-18,-0.10417876078702193,22.992225628608303,22.88804686782128
2024-07-19,-0.5262790102614936,22.990894251535508,22.464615241274014
2024-07-20,-0.8498442854021917,22.629637194314395,21.779792908912203
2024-07-21,-1.0616941210484825,22.62830821438322,21.56661409333474
2024-07-22,-0.6689391185569384,22.986907311741987,22.31796819318505
2024-07-23,-0.8375982342190227,22.985580728952435,22.147982494733412
2024-07-24,-1.1207957754534341,22.98425534473369,21.863459569280256
2024-07-25,-1.10072143811227,22.982931159085755,21.882209720973485
2024-07-26,-1.6321520867065473,22.98160817200863,21.349456085302084
2024-07-27,-1.4743616996763222,22.620359504783185,21.145997805106862
2024-07-28,-1.62675305911214,22.61903891484768,20.99228585573554
2024-07-29,-1.6075733664900973,22.977646402202115,21.370073035712018
2024-07-30,-0.5751867369804842,22.97632820940823,22.401141472427746
2024-07-31,-0.6863144234051397,23.036697173055806,22.350382749650667
2024-08-01,-0.5474355947992215,22.973695419532888,22.426259824733666
2024-08-02,-1.3395360760020942,22.972380822451434,21.63284474644934
2024-08-03,-1.5776467592374814,22.611140545221655,21.033493785984174
2024-08-04,-1.7006798448154008,22.60982834528182,20.90914850046642
2024-08-05,1.0332056241801055,22.968444222631923,24.00164984681203
2024-08-06,-1.120265629790513,22.967134419833705,21.846868790043192
2024-08-07,-1.3632842948476593,22.965825815606298,21.60254152075864
2024-08-08,-0.980528977971094,22.9645184099497,21.983989431978607
2024-08-09,-1.3155437929693719,22.963212202863915,21.647668409894543
2024-08-10,-1.8100103619487484,22.601980315629802,20.791969953681054
2024-08-11,-1.8844201619375553,22.600676505685637,20.716256343748082
2024-08-12,-1.133582911646581,22.95930077303141,21.825717861384828
2024-08-13,-1.7878283959906227,22.95799936022886,21.17017096423824
2024-08-14,-1.5608912198150975,22.956699145997124,21.395807926182027
2024-08-15,-1.1971922781842572,22.955400130336194,21.758207852151937
2024-08-16,-1.9984336146141324,22.954102313246075,20.955668698631943
2024-08-17,-1.9344220573294066,22.592878816007634,20.658456758678227
2024-08-18,-1.8679109787777115,22.591583396059136,20.723672417281424
2024-08-19,-2.045262929933749,22.950216053400577,20.90495312346683
2024-08-20,-1.9828909527933511,22.948923030593697,20.966032077800346
2024-08-21,-2.245738624818223,22.947631206357627,20.701892581539404
2024-08-22,-2.1765179020618746,22.946340580692365,20.76982267863049
2024-08-23,-2.171082304096,22.945051153597916,20.773968849501916
2024-08-24,-2.022392418143383,22.58383604635514,20.56144362821176
2024-08-25,-2.0432095897385913,22.58254901640231,20.53933942666372
2024-08-26,-2.031138305951668,22.941190063739423,20.910051757787755
2024-08-27,-2.0997057232083307,22.939905430928214,20.840199707719883
2024-08-28,-2.0305529506287243,22.93862199668781,20.908069046059087
2024-08-29,-2.125055894756315,22.93733976101822,20.812283866261904
2024-08-30,-2.1867298830661994,22.936058723919437,20.749328840853238
2024-08-31,-2.2177819884088663,22.63653796454298,20.418755976134115
2024-09-01,-2.2644471342681136,22.57357336671517,20.309126232447056
2024-09-02,-1.2514037920548766,22.93222280404795,21.680819011993073
2024-09-03,-1.8444120422966144,22.930946561232407,21.086534518935792
2024-09-04,-1.3888331396517728,22.929671516987675,21.540838377335902
2024-09-05,-1.1151754286650082,22.92839767131375,21.81322224264874
2024-09-06,-1.075931132034217,22.927125024210635,21.85119389217642
2024-09-07,-1.4699838175291617,22.565926696959203,21.09594287943004
2024-09-08,-1.8140364488672667,22.564656446997706,20.75061999813044
2024-09-09,-1.1934292531982962,22.923314274326156,21.72988502112786
2024-09-10,-0.7849398873263809,22.92204642150628,22.1371065341799
2024-09-11,-1.45222045986743,22.920779767257216,21.468559307389786
2024-09-12,-1.3031323659279117,22.91951431157896,21.61638194565105
2024-09-13,-1.4753079293256022,22.918250054471518,21.442942125145915
2024-09-14,-1.3840178701211237,22.557060117215748,21.173042247094624
2024-09-15,-1.4502503849644732,22.555798257249926,21.105547872285452
2024-09-16,-0.48514018791902913,22.91446447457404,22.42932428665501
2024-09-17,-1.0556311309169928,22.913205011749834,21.85757388083284
2024-09-18,-0.3121850428847992,22.91194674749644,22.59976170461164
2024-09-19,0.5193783831068082,22.910689681813853,23.43006806492066
2024-09-20,0.3822409777739004,22.909433814702076,23.291674792475977
2024-09-21,0.46627948867710245,22.548252267441978,23.01453175611908
2024-09-22,0.38949994974788993,22.546998797471822,22.936498747219712
2024-09-23,0.8241446967137698,22.905673404791607,23.729818101505376
2024-09-24,0.8290351846494879,22.90442233196307,23.733457516612557
2024-09-25,0.7549764179706386,22.90317245770534,23.65814887567598
2024-09-26,0.6111100718648004,22.901923782018425,23.513033853883226
2024-09-27,0.3035507770316599,22.900676304902316,23.204227081933976
2024-09-28,0.10535712913646833,22.539503147637888,22.644860276774356
2024-09-29,0.058069858315729306,22.5382580676634,22.59632792597913
2024-09-30,0.015211237058444738,22.88083265964162,22.896043896700064
2024-10-01,0.5795989232688292,22.895698382145984,23.475297305414813
2024-10-02,-0.35298092231753486,22.894456897883924,22.54147597556639
2024-10-03,-0.4635675792461562,22.893216612192674,22.429649032946518
2024-10-04,-0.5737150126088544,22.891977525072235,22.31826251246338
2024-10-05,-0.41104619978106527,22.530812757803474,22.11976655802241
2024-10-06,-0.027136625232330402,22.529576067824653,22.502439442592323
2024-10-07,0.21809566932893887,22.888267455135775,23.106363124464714
2024-10-08,0.4217716860441634,22.887033162298575,23.30880484834274
2024-10-09,0.5885771751842235,22.885800068032186,23.47437724321641
2024-10-10,0.14449487313272513,22.884568172336607,23.029063045469332
2024-10-11,0.4425700858806856,22.883337475211835,23.32590756109252
2024-10-12,0.40397356913270244,22.52218109793874,22.926154667071444
2024-10-13,0.45058474317340114,22.52095279795559,22.971537541128992
2024-10-14,0.503439812007791,22.87965257526238,23.38309238727017
2024-10-15,0.4943754137670311,22.87842667242085,23.372802086187882
2024-10-16,0.29703320704508585,22.87720196815013,23.174235175195214
2024-10-17,0.6015853564262201,22.875978462450217,23.477563818876437
2024-10-18,0.8591985966398035,22.874756155321116,23.73395475196092
2024-10-19,0.3385897491944476,22.51360816804369,22.852197917238136
2024-10-20,0.2770983175017605,22.512388258056205,22.789486575557966
2024-10-21,-0.12912347767140275,22.871096425358665,22.741972947687263
2024-10-22,-0.14027622088380198,22.869878912512803,22.729602691629
2024-10-23,-0.11263946817236103,22.86866259823775,22.75602313006539
2024-10-24,0.057338399891222025,22.867447482533507,22.92478588242473
2024-10-25,-0.43408633390858853,22.866233565400073,22.432147231491484
2024-10-26,-0.2586021869761339,22.505093968118317,22.246491781142183
2024-10-27,-0.12303997567062197,22.503882448126504,22.380842472455882
2024-10-28,0.08592077814320476,22.86259900542463,22.948519783567836
2024-10-29,0.2112431425232586,22.861389882574436,23.072633025097694
2024-10-30,0.23335246233401463,22.86018195829505,23.093534420629066
2024-10-31,-0.09377951537237905,22.92066119045713,22.82688167508475
2024-11-01,-0.3025929650492998,22.85776970544871,22.55517674039941
2024-11-02,-0.4311853642415784,22.496638498162625,22.065453133921046
2024-11-03,-0.4670275192189628,22.49543536816648,22.028407848947516
2024-11-04,-0.5945219416800533,22.854160315460277,22.259638373780223
2024-11-05,-0.49300484494866126,22.85295958260575,22.359954737657088
2024-11-06,0.7870221601950611,22.851760048322035,23.638782208517096
2024-11-07,0.6515181868110247,22.850561712609128,23.502079899420153
2024-11-08,0.39387518405389343,22.84936457546703,23.24323975952092
2024-11-09,0.4460558662515055,22.48824175817661,22.934297624428115
2024-11-10,0.8521629764628784,22.487047018176135,23.339209994639013
2024-11-11,0.7198363191385511,22.8457803554656,23.56561667460415
2024-11-12,1.17624529882875,22.844588012606742,24.020833311435492
2024-11-13,1.2545337411778341,22.843396868318695,24.09793060949653
2024-11-14,1.2466258342480323,22.842206922601456,24.088832756849488
2024-11-15,0.6899470714841875,22.841018175455027,23.530965246939214
2024-11-16,0.7611663856645237,22.47990374816028,23.241070133824802
2024-11-17,0.4963371357124906,22.47871739815547,22.97505453386796
2024-11-18,0.2931133074525434,22.837459125440603,23.130572432893146
2024-11-19,0.24123640992631223,22.836275172577416,23.07751158250373
2024-11-20,0.26217173549839856,22.835092418285036,23.097264153783435
2024-11-21,0.4470973826002904,22.833910862563467,23.281008245163758
2024-11-22,0.32959681599554,22.832730505412705,23.162327321408245
2024-11-23,0.6497154633688709,22.471624468113625,23.121339931482495
2024-11-24,0.4023581362574902,22.470446508104484,22.872804644361974
2024-11-25,0.27350185851113196,22.829196625385286,23.10269848389642
2024-11-26,0.09759611365615939,22.828021062517767,22.925617176173926
2024-11-27,0.40453500645836726,22.826846698221054,23.23138170467942
2024-11-28,0.08107427773623854,22.825673532495156,22.906747810231394
2024-11-29,0.06183074803910671,22.824501565340064,22.88633231337917
2024-11-30,0.3234697838665035,22.5250898759073,22.848559659773805
2024-12-01,0.7104681365392018,22.46223434802318,23.172702484562382
2024-12-02,0.7065786271650509,22.82099285529965,23.5275714824647
2024-12-03,0.9565035848999592,22.819825682427798,23.776329267327757
2024-12-04,0.9577916018600376,22.818659708126756,23.776451309986793
2024-12-05,0.9531557381827795,22.817494932396524,23.770650670579304
2024-12-06,0.7895699954435003,22.816331355237104,23.605901350680604
2024-12-07,0.8006247188786766,22.455242097929357,23.255866816808034
2024-12-08,0.5301270169340562,22.454080917911554,22.98420793484561
2024-12-09,1.0309070401727816,22.812847815183694,23.843754855356476
2024-12-10,0.8472474644139361,22.81168903230751,23.658936496721445
2024-12-11,0.6347348508331692,22.810531448002138,23.445266298835307
2024-12-12,0.7472989364627303,22.809375062267573,23.556673998730304
2024-12-13,0.45291903735296657,22.80821987510382,23.261138912456786
2024-12-14,0.4140880839429606,22.44713900779174,22.8612270917347
2024-12-15,0.32957020239619084,22.445986217769608,22.7755564201658
2024-12-16,0.4757217008240957,22.804761505037416,23.28048320586151
2024-12-17,0.33125148674155724,22.8036111121569,23.134862598898458
2024-12-18,0.6225995034024301,22.802461917847197,23.425061421249627
2024-12-19,0.5604757144372527,22.8013139221083,23.361789636545552
2024-12-20,0.6314589833649862,22.800167124940216,23.431626108305203
2024-12-21,0.32672967855005197,22.439094647623808,22.76582432617386
2024-12-22,0.05945378146576985,22.437950247597342,22.497404029063112
2024-12-23,-0.12325014118581024,22.796733924860817,22.673483783675007
2024-12-24,-0.2824053063240335,22.795591921975973,22.51318661565194
2024-12-25,-0.6265219619956426,22.794451117661936,22.167929155666293
2024-12-26,-0.35152265921662007,22.79331151191871,22.44178885270209
2024-12-27,-0.4295393818226536,22.792173104746293,22.36263372292364
2024-12-28,-0.3320747991214681,22.431109017425555,22.099034218304087
2024-12-29,-0.418706836255204,22.429973007394757,22.011266171139553
2024-12-30,-0.5368420739488649,22.788765074653902,22.251923000705037
2024-12-31,-0.025878348739396984,22.77152305642749,22.745644707688093
