date,bf_obs_gwei,total_gas_used,A_t_observed,D_star,tip_obs_gwei,bf_cf_gwei,bf_cf_median_gwei,bf_cf_p05_gwei,bf_cf_p95_gwei,bf_cf_sd_gwei,delta_mean_gwei,delta_p05_gwei,delta_p95_gwei,delta_sd_gwei,prob_cf_gt_obs,prob_delta_negative,bf_cf_gwei_capped,bf_cf_p05_gwei_capped,bf_cf_p95_gwei_capped,is_capped,A_t_counterfactual,window_limited,model_type
2023-10-28,13.76299536101857,107789681968,0.7703516888568054,2.236342668998306,4.075458608954247,15.56480349144532,15.452379364378785,11.532605876037763,19.724536943729202,2.4809458247258025,1.80180813042678,-2.230389484980807,5.961541582710632,2.4809458247258025,0.77125,0.22875,15.56480349144532,11.532605876037763,19.724536943729202,FALSE,0.7301763557357159,TRUE,natural_scale_gwei
2023-10-29,14.02045884080171,107819983084,0.7487587109019763,2.0861834765130514,3.730315674023919,14.892389618480216,14.819545654318595,11.159785005534092,18.752811104966362,2.3199474515239267,0.8719307776784967,-2.8606738352676198,4.732352264164651,2.3199474515239267,0.6495,0.3505,14.892389618480216,11.159785005534092,18.752811104966362,FALSE,0.7301763557357159,TRUE,natural_scale_gwei
2023-10-30,21.870532995080232,107827177101,0.7308358363074007,1.5940945489413596,4.730815048670867,21.976322943608825,22.0434849872827,18.162200898742874,25.63742657269686,2.273101313973818,0.10578994852858115,-3.708332096337357,3.7668935776166292,2.273101313973818,0.53125,0.46875,21.976322943608825,18.162200898742874,25.63742657269686,FALSE,0.7301763557357159,TRUE,natural_scale_gwei
2023-10-31,24.268844047837796,107631123242,0.7295624497075993,1.6659378522537793,5.0515332162746915,23.658154574554437,23.741907451667792,19.71206786324427,27.335753605798395,2.305072876650975,-0.610689473283386,-4.556776184593527,3.0669095579606025,2.305072876650975,0.3985,0.6015,23.658154574554437,19.71206786324427,27.335753605798395,FALSE,0.7301763557357159,TRUE,natural_scale_gwei
2023-11-01,26.03745840251109,107945356524,0.7349308895948415,1.016126252573654,4.9774688546090395,26.728887146335076,26.622152379851453,23.16994176583658,30.54670111618981,2.2287567347684996,0.691428743824019,-2.867516636674511,4.509242713678723,2.2287567347684996,0.614,0.386,26.728887146335076,23.16994176583658,30.54670111618981,FALSE,0.7301763557357159,TRUE,natural_scale_gwei
2023-11-02,25.856280445981156,107597693913,0.730585626421127,1.2986652868291095,4.636851628268016,26.169371684600282,26.147094237844314,22.414907177982684,29.917429318532204,2.2852676412375987,0.31309123861914173,-3.441373267998474,4.0611488725510485,2.2852676412375983,0.563,0.437,26.169371684600282,22.414907177982684,29.917429318532204,FALSE,0.7301763557357159,TRUE,natural_scale_gwei
2023-11-03,22.074733175842077,107677024419,0.7382472671717933,1.4083157233235635,4.58600150467726,22.625239738779847,22.575155231007965,18.910915516698537,26.494871197972067,2.303005523840244,0.5505065629377291,-3.1638176591435374,4.420138022129988,2.3030055238402434,0.59175,0.40825,22.625239738779847,18.910915516698537,26.494871197972067,FALSE,0.7301763557357159,TRUE,natural_scale_gwei
2023-11-04,16.350103636495913,107692112646,0.781855876765836,1.9346736039600847,3.9522426489743947,18.840422241839867,18.78028343201662,14.898555783421166,22.980901153898095,2.497650184779109,2.490318605343957,-1.4515478530747472,6.630797517402184,2.4976501847791095,0.84375,0.15625,18.840422241839867,14.898555783421166,22.980901153898095,FALSE,0.7301763557357159,TRUE,natural_scale_gwei
2023-11-05,19.08082799577823,107653059068,0.7717561643019368,1.3021037081684246,4.450853708191673,21.368681881553492,21.261176524770512,17.62265052890228,25.594491404906165,2.449416652460758,2.28785388577524,-1.45817746687595,6.513663409127937,2.449416652460758,0.82975,0.17025,21.368681881553492,17.62265052890228,25.594491404906165,FALSE,0.7301763557357159,TRUE,natural_scale_gwei
2023-11-06,30.00516518529783,107776634539,0.7151409846353355,1.375101162005886,5.581090430088055,28.536554861234873,28.64814610902458,24.660252030100807,32.106477134695965,2.2945227162400994,-1.4686103240629376,-5.344913155197025,2.1013119493981294,2.294522716240099,0.259,0.741,28.536554861234873,24.660252030100807,32.106477134695965,FALSE,0.7301763557357159,TRUE,natural_scale_gwei
2023-11-07,27.725372449989276,107902868960,0.7437185313337559,1.1433374044055178,4.178722436615126,29.424003576615295,29.329172289291918,25.840684101865996,33.435874038697456,2.321950697122642,1.6986311266259484,-1.8846883481232797,5.710501588708177,2.3219506971226425,0.7685,0.2315,29.424003576615295,25.840684101865996,33.435874038697456,FALSE,0.7301763557357159,TRUE,natural_scale_gwei
2023-11-08,31.86806244416528,107937804240,0.7606416596275646,1.6453504957017242,4.836190327587798,33.28573793614427,33.20801330358225,29.59775215520423,37.09077883217619,2.325250707592362,1.4176754919790011,-2.27031028896105,5.222716388010908,2.325250707592362,0.736,0.264,33.28573793614427,29.59775215520423,37.09077883217619,FALSE,0.7301763557357159,TRUE,natural_scale_gwei
2023-11-09,49.73681718947975,107941360503,0.7458237755565631,-0.8283859069358551,6.281703121247237,48.85345562262737,49.011682316279106,44.76007935357831,52.48282716934737,2.393871955144013,-0.8833615668524686,-4.9767378359014405,2.7460099798676127,2.393871955144013,0.3625,0.6375,48.85345562262737,44.76007935357831,52.48282716934737,FALSE,0.7301763557357159,TRUE,natural_scale_gwei
2023-11-10,38.926638923613076,107972463441,0.6776409242266808,0.24435248185336025,6.2894330011058726,36.90360053055921,36.97099656608822,32.95096875024132,40.8213285913878,2.4112953066676037,-2.0230383930539095,-5.975670173371755,1.8946896677747236,2.411295306667603,0.19225,0.80775,36.90360053055921,32.95096875024132,40.8213285913878,FALSE,0.7301763557357159,TRUE,natural_scale_gwei
2023-11-11,29.186435607982087,107895921915,0.7362553163410672,0.9448081858562167,4.599677772332246,30.160045599286303,30.051472223487423,26.5555647885182,34.13741834601832,2.295619712386355,0.9736099913042064,-2.630870819463886,4.950982738036235,2.295619712386355,0.6615,0.3385,30.160045599286303,26.5555647885182,34.13741834601832,FALSE,0.7301763557357159,TRUE,natural_scale_gwei
2023-11-12,27.755245000442127,107890578358,0.7526752697799898,1.3122835136557258,5.180046192899142,29.31291453214909,29.189492929760206,25.817347828935297,33.20279017563774,2.267179978710813,1.557669531707008,-1.9378971715068314,5.447545175195613,2.2671799787108133,0.7565,0.2435,29.31291453214909,25.817347828935297,33.20279017563774,FALSE,0.7301763557357159,TRUE,natural_scale_gwei
2023-11-13,46.29083843719474,107858538606,0.7007834948836157,0.6488182535887352,8.90524766084978,42.20781659721727,42.377865236804936,37.49105907134111,46.32056108938802,2.718243232733286,-4.083021839977633,-8.79977936585363,0.029722652193273025,2.718243232733286,0.0515,0.9485,42.20781659721727,37.49105907134111,46.32056108938802,FALSE,0.7301763557357159,TRUE,natural_scale_gwei
2023-11-14,36.228323920482204,108062171960,0.7332636821164132,0.487555862406968,6.849104464502049,37.0132544887978,36.92549712595677,33.484360236182425,40.83327978325838,2.252866249220853,0.7849305683157505,-2.7439636842997777,4.604955862776173,2.252866249220853,0.638,0.362,37.0132544887978,33.484360236182425,40.83327978325838,FALSE,0.7301763557357159,TRUE,natural_scale_gwei
2023-11-15,34.17915395682005,107844318514,0.7340280265014407,0.668803061487691,5.485019267191604,34.8724115025477,34.801111768842354,31.227895595389427,38.620946473777536,2.2421890143486327,0.6932575457276887,-2.9512583614306225,4.441792516957489,2.2421890143486327,0.61475,0.38525,34.8724115025477,31.227895595389427,38.620946473777536,FALSE,0.7301763557357159,TRUE,natural_scale_gwei
2023-11-16,34.56265413741616,108002812540,0.7351926061013262,0.2826924565032062,5.343493805864881,35.49528032773965,35.377666756527304,31.986177352155554,39.42922670063882,2.257525579272735,0.9326261903234705,-2.5764767852606067,4.866572563222663,2.257525579272735,0.657,0.343,35.49528032773965,31.986177352155554,39.42922670063882,FALSE,0.7301763557357159,TRUE,natural_scale_gwei
2023-11-17,27.84328534037856,107938758996,0.786460108209695,0.7599218931437509,4.692871935097728,30.60961397913027,30.48036761018604,26.73409543238411,34.82120406756184,2.4666013251328143,2.7663286387517125,-1.1091899079944518,6.9779187271832726,2.4666013251328147,0.87875,0.12125,30.60961397913027,26.73409543238411,34.82120406756184,FALSE,0.7301763557357159,TRUE,natural_scale_gwei
2023-11-18,21.932560053723975,107393638273,0.7734468142364175,1.7318695522106897,4.568939316803543,24.29157322099746,24.172668749961367,20.34743590959526,28.635593490932695,2.531940460829179,2.3590131672734453,-1.5851241441287174,6.703033437208719,2.531940460829179,0.829,0.171,24.29157322099746,20.34743590959526,28.635593490932695,FALSE,0.7301763557357159,TRUE,natural_scale_gwei
2023-11-19,20.342553053080525,107813142128,0.8082793412700463,1.6794649638169714,4.58241183026321,24.76790391597957,24.767147941817917,20.43523432684857,29.496656806056002,2.800282208373323,4.425350862898987,0.0926812737680463,9.154103752975479,2.800282208373323,0.95425,0.04575,24.76790391597957,20.43523432684857,29.496656806056002,FALSE,0.7301763557357159,TRUE,natural_scale_gwei
2023-11-20,39.52640176703787,107964279468,0.7278268114446784,0.7367620984452231,4.9660436724222405,38.40848511170442,38.51850511309556,34.50613709179615,41.89514456468064,2.244495899333326,-1.1179166553335136,-5.020264675241718,2.368742797642776,2.244495899333327,0.308,0.692,38.40848511170442,34.50613709179615,41.89514456468064,FALSE,0.7301763557357159,TRUE,natural_scale_gwei
2023-11-21,40.12805738762296,107865462611,0.7428419166529722,0.6962411135283508,5.1626623993170275,40.15980358557918,40.17935739417814,36.33514479322023,43.887706649726546,2.2609020806948337,0.03174619795615676,-3.7929125944027287,3.7596492621035846,2.2609020806948332,0.509,0.491,40.15980358557918,36.33514479322023,43.887706649726546,FALSE,0.7301763557357159,TRUE,natural_scale_gwei
2023-11-22,39.139038719465795,107838403023,0.7380889758916208,0.9623196258392778,6.0219537061450605,39.23676058591583,39.28503085969636,35.43898935260525,42.84000989018516,2.2327732784262397,0.09772186645004492,-3.7000493668605428,3.7009711707193613,2.2327732784262397,0.5275,0.4725,39.23676058591583,35.43898935260525,42.84000989018516,FALSE,0.7301763557357159,TRUE,natural_scale_gwei
2023-11-23,32.68626514897525,107864151826,0.7397241884393044,1.484399876174131,5.079053603363857,33.774023690143444,33.682600162585345,30.01211933214833,37.74534867968126,2.33002360168433,1.0877585411682444,-2.6741458168269228,5.059083530706005,2.33002360168433,0.679,0.321,33.774023690143444,30.01211933214833,37.74534867968126,FALSE,0.7301763557357159,TRUE,natural_scale_gwei
2023-11-24,28.41000116601142,107750826814,0.7687035838842149,0.8290686664474858,4.804759340476838,31.642978848128955,31.487845990056044,27.70600724446102,36.07960879839441,2.62950936332255,3.2329776821175176,-0.7039939215504006,7.669607632382989,2.62950936332255,0.9015,0.0985,31.642978848128955,27.70600724446102,36.07960879839441,FALSE,0.7301763557357159,TRUE,natural_scale_gwei
2023-11-25,22.2760603585199,107936575620,0.863838304430802,2.110026937702611,3.7693413231637742,27.69912747336317,27.780121711066155,22.322524466522268,33.06370631701711,3.29700568909847,5.423067114843342,0.046464108002367756,10.787645958497206,3.2970056890984694,0.95125,0.04875,27.69912747336317,22.322524466522268,33.06370631701711,FALSE,0.7301763557357159,TRUE,natural_scale_gwei
2023-11-26,24.097848636335737,107778568328,0.8172288145018755,1.6828529204676792,4.2443369795615276,27.925285286826988,27.903029664411456,23.49845621913107,32.65318965665523,2.842464830609367,3.827436650491288,-0.5993924172046653,8.555341020319492,2.8424648306093676,0.918,0.082,27.925285286826988,23.49845621913107,32.65318965665523,FALSE,0.7301763557357159,TRUE,natural_scale_gwei
2023-11-27,32.11298909498467,107702123594,0.7561341636926578,0.6067315188667779,5.7068210014328375,34.81214622838781,34.673982776485275,31.01350452877691,39.19461190546447,2.4987213528161303,2.699157133403155,-1.0994845662077608,7.0816228104798,2.4987213528161307,0.8715,0.1285,34.81214622838781,31.01350452877691,39.19461190546447,FALSE,0.7301763557357159,TRUE,natural_scale_gwei
2023-11-28,39.42700221141667,107824735828,0.724633341690288,1.1341177605558916,7.2714483545246384,38.138955500443316,38.22772020538706,34.309039776775535,41.783045684659754,2.28180777654877,-1.288046710973311,-5.117962434641139,2.3560434732430826,2.2818077765487703,0.28675,0.71325,38.138955500443316,34.309039776775535,41.783045684659754,FALSE,0.7301763557357159,TRUE,natural_scale_gwei
2023-11-29,37.53769830008519,107940875890,0.7116296670420713,1.4056307849655703,5.835847259419583,38.01213546539753,37.909981525141674,34.362919710731866,41.910491697689615,2.311775216592157,0.47443716531237057,-3.1747785893533216,4.37279339760443,2.3117752165921575,0.5735,0.4265,38.01213546539753,34.362919710731866,41.910491697689615,FALSE,0.7301763557357159,TRUE,natural_scale_gwei
2023-11-30,44.545688439665355,107888214993,0.7283039027455033,1.5315001924395086,6.522870133222599,43.222797687755055,43.3654139307679,39.26340639576748,46.75387346943616,2.3223317902800416,-1.322890751910225,-5.282282043897867,2.2081850297708043,2.3223317902800416,0.2925,0.7075,43.222797687755055,39.26340639576748,46.75387346943616,FALSE,0.7301763557357159,TRUE,natural_scale_gwei
2023-12-01,43.59818939835931,107863170034,0.6997223710756355,1.0059136994588247,5.911663132905033,41.676987799255194,41.787121777049585,37.65142261666615,45.21884412002074,2.318056771671737,-1.9212015991041338,-5.946766781693157,1.6206547216614344,2.318056771671736,0.19225,0.80775,41.676987799255194,37.65142261666615,45.21884412002074,FALSE,0.7301763557357159,TRUE,natural_scale_gwei
2023-12-02,33.758724080897785,108073234725,0.7339227617227723,1.3247591372498233,5.193341832127818,34.89189271126764,34.73368773142378,31.27225602599863,38.85832227645054,2.295797393975211,1.133168630369849,-2.4864680548991593,5.099598195552751,2.2957973939752114,0.68725,0.31275,34.89189271126764,31.27225602599863,38.85832227645054,FALSE,0.7301763557357159,TRUE,natural_scale_gwei
2023-12-03,32.603718951992796,107731495784,0.7861104313619274,1.3567304767927317,4.5797105502627264,35.53026569344919,35.421841079022485,31.654797978129146,39.92940790825671,2.5360678352020027,2.9265467414563506,-0.9489209738636514,7.325688956263912,2.5360678352020036,0.8855,0.1145,35.53026569344919,31.654797978129146,39.92940790825671,FALSE,0.7301763557357159,TRUE,natural_scale_gwei
2023-12-04,46.736066326951985,107932894414,0.7330198259786489,0.29113523981152245,6.493314357443849,47.478602713036885,47.37023031683919,43.86347505446591,51.223621727766904,2.246323809241098,0.7425363860849743,-2.872591272486078,4.487555400814917,2.2463238092410984,0.6255,0.3745,47.478602713036885,43.86347505446591,51.223621727766904,FALSE,0.7301763557357159,TRUE,natural_scale_gwei
2023-12-05,56.133104733287375,107825092919,0.7427736262980629,0.2972660938303694,6.382896261233403,55.149149390727665,55.35698807761163,50.9624373766959,58.75447555547728,2.381771161012851,-0.9839553425595788,-5.17066735659147,2.6213708221899044,2.3817711610128516,0.35225,0.64775,55.149149390727665,50.9624373766959,58.75447555547728,FALSE,0.7301763557357159,TRUE,natural_scale_gwei
2023-12-06,56.235368431249604,107655420086,0.7387027681530384,0.4402080655478754,6.225087027650835,55.74045156257335,55.85086449510224,51.72631431592709,59.35914149087384,2.3202061362308837,-0.4949168686764556,-4.50905411532251,3.12377305962423,2.320206136230884,0.429,0.571,55.74045156257335,51.72631431592709,59.35914149087384,FALSE,0.7301763557357159,TRUE,natural_scale_gwei
2023-12-07,49.22061521814559,107619362929,0.7496207062585739,0.554097753515645,6.421918834683439,50.37045332110288,50.28342212322919,46.788540142642724,54.35840683408112,2.3137891451673402,1.1498381029571965,-2.4320750755028646,5.1377916159355355,2.31378914516734,0.69325,0.30675,50.37045332110288,46.788540142642724,54.35840683408112,FALSE,0.7301763557357159,TRUE,natural_scale_gwei
2023-12-08,42.20713081334745,107734640482,0.7471446228937908,0.49279798809750175,5.419992736208643,43.75273731498132,43.59584479756168,40.15955835204973,47.59690428950756,2.3137477709818293,1.5456065016337825,-2.0475724612977153,5.389773476160113,2.3137477709818293,0.7565,0.2435,43.75273731498132,40.15955835204973,47.59690428950756,FALSE,0.7301763557357159,TRUE,natural_scale_gwei
2023-12-09,33.942454745305405,107775026891,0.8066797631272544,0.8831910082457654,4.3734405115095925,37.868957968030934,37.847981800238216,33.51674555189965,42.40971316138388,2.7351889925401798,3.9265032227256644,-0.4257091934057523,8.467258416078472,2.7351889925401793,0.92925,0.07075,37.868957968030934,33.51674555189965,42.40971316138388,FALSE,0.7301763557357159,TRUE,natural_scale_gwei
2023-12-10,30.82702483548028,108026932108,0.8109175677629658,1.491794666324013,4.171652971820197,33.90084449156047,33.79684850436831,29.477547382950668,38.41307464578613,2.7434408327540503,3.073819656080196,-1.3494774525296127,7.586049810305854,2.7434408327540503,0.87225,0.12775,33.90084449156047,29.477547382950668,38.41307464578613,FALSE,0.7301763557357159,TRUE,natural_scale_gwei
2023-12-11,36.474928148193584,108107606481,0.7840728589590602,-0.27282509575960995,4.978385122166239,41.29405076052527,41.23659036291032,36.68684147561604,46.22962606206916,2.89689890273404,4.819122612331592,0.21191332742245814,9.754697913875573,2.89689890273404,0.959,0.041,41.29405076052527,36.68684147561604,46.22962606206916,FALSE,0.7301763557357159,TRUE,natural_scale_gwei
2023-12-12,42.428802077850385,108106962359,0.7746299051463326,0.8295248491287018,7.170504869457518,43.726581401244154,43.673970251826816,39.82634883026014,47.72880328640421,2.381169722294447,1.2977793233936832,-2.6024532475902524,5.300001208553825,2.3811697222944472,0.70775,0.29225,43.726581401244154,39.82634883026014,47.72880328640421,FALSE,0.7301763557357159,TRUE,natural_scale_gwei
2023-12-13,47.214895018525205,107951238138,0.7547127772069969,0.527680800446959,5.106567496768944,48.40037378154453,48.313558345325546,44.74906092900576,52.35099409801161,2.3225908691984403,1.1854787630193357,-2.4658340895194426,5.136099079486404,2.3225908691984403,0.69125,0.30875,48.40037378154453,44.74906092900576,52.35099409801161,FALSE,0.7301763557357159,TRUE,natural_scale_gwei
2023-12-14,44.997666968455164,107686124251,0.7158737443271633,0.5764576523575384,5.499818466501205,47.97173172491267,47.762357385404286,44.008298900301035,52.82635438662607,2.7752423332890928,2.9740647564575653,-0.989368068154128,7.828687418170909,2.7752423332890928,0.86425,0.13575,47.97173172491267,44.008298900301035,52.82635438662607,FALSE,0.7301763557357159,TRUE,natural_scale_gwei
2023-12-15,56.37726248682539,107844138701,0.8601294650773469,0.8785318887595839,8.554920597048778,59.86155306534174,59.85926301315377,54.71606927521595,64.96161082412308,3.1440590363087897,3.4842905785162452,-1.6611932116094372,8.5843483372977,3.14405903630879,0.87025,0.12975,59.86155306534174,54.71606927521595,64.96161082412308,FALSE,0.7301763557357159,TRUE,natural_scale_gwei
2023-12-16,51.17097561250472,107658432944,0.9233018132123776,1.519587933438368,5.270546792239982,57.6856714243392,57.847262276731016,50.97041410232398,63.92767624774901,3.9733605910966445,6.514695811834486,-0.20056151018074,12.756700635244288,3.9733605910966445,0.94425,0.05575,57.6856714243392,50.97041410232398,63.92767624774901,FALSE,0.7301763557357159,TRUE,natural_scale_gwei
2023-12-17,39.25714777133591,107644874518,0.8438762940038409,1.4336632691416153,4.4140298055178055,47.852593875726875,48.07652967961626,40.88461760753811,53.85704070875127,3.819702843207467,8.595446104390877,1.6274698362022013,14.59989293741536,3.819702843207467,0.98925,0.01075,47.852593875726875,40.88461760753811,53.85704070875127,FALSE,0.7301763557357159,TRUE,natural_scale_gwei
2023-12-18,58.47570617780943,107799727606,0.7935368133089264,0.9155633092263544,6.475507219894484,59.47942139992628,59.48586892222568,55.178073545162114,63.72368132136901,2.580454842140557,1.0037152221167762,-3.2976326326473164,5.247975143559579,2.580454842140557,0.6565,0.3435,59.47942139992628,55.178073545162114,63.72368132136901,FALSE,0.7301763557357159,TRUE,natural_scale_gwei
2023-12-19,53.93996502207173,107521423941,0.7909713679560569,0.8120952636215614,5.1605092090804305,56.604364213678956,56.53455041637092,52.650334795025486,61.021179891037654,2.561964901188979,2.6643991916072034,-1.2896302270462459,7.081214868965922,2.561964901188979,0.85625,0.14375,56.604364213678956,52.650334795025486,61.021179891037654,FALSE,0.7301763557357159,TRUE,natural_scale_gwei
2023-12-20,54.37931118940642,107579988983,0.7768796801133983,0.4382807239691187,4.882222623572586,55.42290683288198,55.412472877789526,51.37792226797465,59.44579085354036,2.415197294001798,1.0435956434755904,-3.001388921431773,5.066479664133937,2.415197294001798,0.674,0.326,55.42290683288198,51.37792226797465,59.44579085354036,FALSE,0.7301763557357159,TRUE,natural_scale_gwei
2023-12-21,40.687972164016095,107751019186,0.7258201168604973,0.8698815736005056,4.508691925257437,41.705565236956076,41.56491402461426,38.03646178211129,45.668160981809905,2.3307956500128304,1.0175930729399791,-2.6515103819048043,4.980188817793806,2.3307956500128304,0.66125,0.33875,41.705565236956076,38.03646178211129,45.668160981809905,FALSE,0.7301763557357159,TRUE,natural_scale_gwei
2023-12-22,32.93130552399383,107605180103,0.7640140378070022,0.24972207711400177,4.6446180729154785,35.328112072673186,35.20648701011167,31.611529780669002,39.47606800436671,2.402331729032136,2.3968065486793413,-1.319775743324825,6.54476248037288,2.4023317290321358,0.84325,0.15675,35.328112072673186,31.611529780669002,39.47606800436671,FALSE,0.7301763557357159,TRUE,natural_scale_gwei
2023-12-23,21.803820148257998,107629555293,0.7837800891236504,1.230960353823541,4.650382602423405,24.708543857770966,24.590997864887864,20.841404879624594,28.88029888992768,2.485382795525995,2.9047237095128993,-0.962415268633401,7.076478741669679,2.4853827955259957,0.89,0.11,24.708543857770966,20.841404879624594,28.88029888992768,FALSE,0.7301763557357159,TRUE,natural_scale_gwei
2023-12-24,21.128362885700398,107427708036,0.7637658844954388,1.1262852104972663,4.994280497566183,22.383370408042047,22.30422665389385,18.611395816809917,26.26455337481477,2.311436744674147,1.2550075223416297,-2.516967068890482,5.136190489114374,2.311436744674147,0.7145,0.2855,22.383370408042047,18.611395816809917,26.26455337481477,FALSE,0.7301763557357159,TRUE,natural_scale_gwei
2023-12-25,21.607641318735915,107288173904,0.7528711361519962,0.826147971150221,3.574401971799639,23.42089087723247,23.276741230371023,19.804626846324478,27.37854250493177,2.330956104247809,1.813249558496531,-1.8030144724114379,5.770901186195854,2.3309561042478104,0.78625,0.21375,23.42089087723247,19.804626846324478,27.37854250493177,FALSE,0.7301763557357159,TRUE,natural_scale_gwei
2023-12-26,18.359047196985596,107826286358,0.7949361174294074,1.0972978396925015,3.855067132997407,22.318692405925763,22.28585652288308,18.035319744900765,26.977875630082483,2.7441898230406325,3.9596452089401293,-0.32372745208483056,8.618828433096889,2.744189823040633,0.93425,0.06575,22.318692405925763,18.035319744900765,26.977875630082483,FALSE,0.7301763557357159,TRUE,natural_scale_gwei
2023-12-27,27.29305144150094,107320132740,0.798334310124505,0.4783970495581045,4.21502944654391,30.113795518622332,29.993237526092155,26.071213284747355,34.529420473761164,2.6053307057987447,2.8207440771214176,-1.2218381567535848,7.236369032260221,2.6053307057987447,0.87075,0.12925,30.113795518622332,26.071213284747355,34.529420473761164,FALSE,0.7301763557357159,TRUE,natural_scale_gwei
2023-12-28,29.640731584586145,107586891315,0.7689262746164552,0.035442170944033326,5.347254549266404,31.666067516189038,31.49697566177953,27.91646794861875,35.715238333658455,2.405225517444631,2.0253359316028305,-1.7242636359673966,6.074506749072304,2.405225517444631,0.808,0.192,31.666067516189038,27.91646794861875,35.715238333658455,FALSE,0.7301763557357159,TRUE,natural_scale_gwei
2023-12-29,23.582635437484264,107328229193,0.7790421275329078,0.5166087989521253,4.780489333169201,26.32037686536272,26.265950362337882,22.427929210889296,30.39463651615817,2.4503505794208413,2.737741427878445,-1.1547062265949666,6.812001078673905,2.450350579420841,0.87625,0.12375,26.32037686536272,22.427929210889296,30.39463651615817,FALSE,0.7301763557357159,TRUE,natural_scale_gwei
2023-12-30,19.01746908777929,107328398745,0.7868790251538396,1.408209034923519,3.2108585821230604,20.68748842373764,20.646043728623702,16.587461721272508,24.84561609682552,2.473738979881475,1.6700193359583715,-2.4300073665067816,5.828147009046229,2.473738979881475,0.75375,0.24625,20.68748842373764,16.587461721272508,24.84561609682552,FALSE,0.7301763557357159,TRUE,natural_scale_gwei
2023-12-31,13.816166460473813,107822421080,0.7987281042982667,1.3299155638962534,2.6821417176053663,16.851690210737,16.83766628528326,12.79450625551317,21.105563234793877,2.5546927481366435,3.035523750263213,-1.0216602049606427,7.289396774320064,2.5546927481366435,0.88925,0.11075,16.851690210737,12.79450625551317,21.105563234793877,FALSE,0.7301763557357159,TRUE,natural_scale_gwei
2024-01-01,11.947326729660181,107407637525,0.7845793549474147,1.0975264894904875,2.9216357245079863,16.07918888091761,15.960900194778933,11.84999450330548,20.79235745621501,2.768038429905522,4.131862151257392,-0.09733222635470143,8.84503072655483,2.768038429905522,0.94425,0.05575,16.07918888091761,11.84999450330548,20.79235745621501,FALSE,0.7301763557357159,TRUE,natural_scale_gwei
2024-01-02,18.637759748438828,107478678978,0.785865669173193,0.23135226779188112,3.7203789003728365,22.27586801309645,22.18825293989931,18.14444148561813,26.781223473014794,2.6719851149627125,3.6381082646575917,-0.49331826282069674,8.143463724575968,2.671985114962712,0.91975,0.08025,22.27586801309645,18.14444148561813,26.781223473014794,FALSE,0.7301763557357159,TRUE,natural_scale_gwei
2024-01-03,33.79932939389156,107766428329,0.7935669010312767,-0.9702082083984225,6.100559281147455,35.15470078025572,35.14123905335245,30.98723738638528,39.25642727236225,2.5208729267583654,1.3553713863641197,-2.8120920075062816,5.457097878470692,2.5208729267583654,0.71525,0.28475,35.15470078025572,30.98723738638528,39.25642727236225,FALSE,0.7301763557357159,TRUE,natural_scale_gwei
2024-01-04,22.1386521049546,107488204769,0.80673092325586,0.007008918276763624,4.2717678708887155,27.246443896916734,27.22444717207214,22.536594715243826,32.024828107160914,2.9310211758259204,5.107791791962042,0.39794261028922606,9.886176002206312,2.931021175825921,0.9655,0.0345,27.246443896916734,22.536594715243826,32.024828107160914,FALSE,0.7301763557357159,TRUE,natural_scale_gwei
2024-01-05,19.12187122209903,107245315367,0.8090394052280189,0.6087299285914837,3.533180706046019,23.693065287976143,23.653025170948126,19.163377476406335,28.544410949658893,2.8913167993510895,4.571194065877087,0.041506254307305625,9.422539727559862,2.891316799351089,0.95225,0.04775,23.693065287976143,19.163377476406335,28.544410949658893,FALSE,0.7301763557357159,TRUE,natural_scale_gwei
2024-01-06,17.235461941301338,106831408703,0.8162186736157133,1.4984877385415571,2.706054596560688,21.64890817031229,21.593817263683203,17.051524334761716,26.525816886591095,2.9296677900901367,4.413446229010943,-0.1839376065396237,9.290354945289756,2.9296677900901367,0.94175,0.05825,21.64890817031229,17.051524334761716,26.525816886591095,FALSE,0.7301763557357159,TRUE,natural_scale_gwei
2024-01-07,29.142170184294837,107394196834,0.7843499099069247,1.3450309991270537,2.907349831892469,28.57737852427087,28.764749060445883,23.948512773620084,32.75183564765381,2.6578230038184927,-0.5647916600240094,-5.19365741067475,3.6096654633589766,2.657823003818493,0.43375,0.56625,28.57737852427087,23.948512773620084,32.75183564765381,FALSE,0.7301763557357159,TRUE,natural_scale_gwei
2024-01-08,23.841915321847303,107128253991,0.7915733796428567,0.6826549289060717,3.720964129920114,27.030185361722264,26.959789391372407,22.95574860005632,31.41062329886595,2.6102191627124767,3.1882700398749817,-0.8861667217909828,7.568707977018649,2.6102191627124767,0.8945,0.1055,27.030185361722264,22.95574860005632,31.41062329886595,FALSE,0.7301763557357159,TRUE,natural_scale_gwei
2024-01-09,20.520827430590415,107735811426,0.8096885243558943,-0.597297295984834,4.964099996201233,27.200785554951544,27.256203105347833,21.6888495858002,32.461250048038245,3.2582514000716225,6.679958124361099,1.1680221552097818,11.940422617447826,3.2582514000716225,0.9865,0.0135,27.200785554951544,21.6888495858002,32.461250048038245,FALSE,0.7301763557357159,TRUE,natural_scale_gwei
2024-01-10,37.86649002341206,108039914246,0.7575377313256532,-0.6818019673602347,6.454026182151783,37.04268778107876,37.17316539460667,33.01390184895379,40.73630865237231,2.3774665894026916,-0.8238022423332082,-4.852588174458268,2.8698186289602448,2.377466589402692,0.37775,0.62225,37.04268778107876,33.01390184895379,40.73630865237231,FALSE,0.7301763557357159,TRUE,natural_scale_gwei
2024-01-11,31.63456610966569,107494111854,0.7640518062688576,-0.7700964258871924,4.124912453088513,33.54022614380167,33.41261644225855,29.943922669416896,37.57510921876621,2.350570558397436,1.9056600341360361,-1.690643440248794,5.940543109100516,2.350570558397437,0.793,0.207,33.54022614380167,29.943922669416896,37.57510921876621,FALSE,0.7301763557357159,TRUE,natural_scale_gwei
2024-01-12,24.012378594403366,108005495587,0.7836503330310401,-1.0221953169154019,4.257617244474724,27.77908374042922,27.710086911358047,23.753409702299,32.23030172219533,2.6148666941964627,3.7667051460258554,-0.25896889210436763,8.217923127791963,2.6148666941964622,0.93275,0.06725,27.77908374042922,23.753409702299,32.23030172219533,FALSE,0.7301763557357159,TRUE,natural_scale_gwei
2024-01-13,16.69850872957498,108005730581,0.7683346497992519,0.45831292347616653,3.4325327703599884,19.444365948531456,19.318063935845547,15.691335639738398,23.71173961848296,2.458664624101932,2.7458572189565413,-1.0071730898365805,7.013230888907978,2.458664624101931,0.87475,0.12525,19.444365948531456,15.691335639738398,23.71173961848296,FALSE,0.7301763557357159,TRUE,natural_scale_gwei
2024-01-14,30.992242310155174,108134241314,0.6159838821185185,0.8109715134807867,4.331417593696162,23.969315366137966,23.798716969053558,18.954618161496818,29.531280124979137,3.1558016488125626,-7.0229269440172235,-12.037624148658356,-1.4609621851760364,3.1558016488125626,0.0125,0.9875,23.969315366137966,18.954618161496818,29.531280124979137,FALSE,0.7301763557357159,TRUE,natural_scale_gwei
2024-01-15,22.02336716977431,108163633646,0.7628651204370166,0.9800658354969809,3.7598457702350534,24.70942310652366,24.586907386271612,21.004554320621537,28.903200460163387,2.4095007383734997,2.686055936749339,-1.0188128491527741,6.879833290389076,2.4095007383734997,0.87725,0.12275,24.70942310652366,21.004554320621537,28.903200460163387,FALSE,0.7301763557357159,TRUE,natural_scale_gwei
2024-01-16,32.14754239848232,108180953706,0.7185103322187641,0.7827910784986822,5.68253368090207,31.057144106123204,31.1898347177504,27.156747722754172,34.736744258873905,2.299304134906569,-1.0903982923590982,-4.990794675728151,2.5892018603915856,2.2993041349065684,0.31325,0.68675,31.057144106123204,27.156747722754172,34.736744258873905,FALSE,0.7301763557357159,TRUE,natural_scale_gwei
2024-01-17,35.4568069971504,107968963473,0.7499502875731077,0.7008830167597448,5.712751199172031,35.58785596053482,35.61015978006678,31.745549076407116,39.347073824593224,2.290059635758785,0.13104896338439506,-3.7112579207432854,3.890266827442822,2.2900596357587846,0.5275,0.4725,35.58785596053482,31.745549076407116,39.347073824593224,FALSE,0.7301763557357159,TRUE,natural_scale_gwei
2024-01-18,33.61264378481455,107969323481,0.7422145848571814,0.7958594215886179,4.755638512646175,34.293449437211954,34.22097738319112,30.66346458774377,38.11689315472148,2.2766315732723963,0.6808056523974064,-2.9491791970707784,4.5042493699069315,2.276631573272397,0.61875,0.38125,34.293449437211954,30.66346458774377,38.11689315472148,FALSE,0.7301763557357159,TRUE,natural_scale_gwei
2024-01-19,28.830551982814537,108078043228,0.7543955491978664,0.78701825612096,5.00724172869756,29.24902330477256,29.211230126497036,25.39440415629275,33.03072384364343,2.306245013718125,0.41847132195806913,-3.436147826521786,4.2001718608288945,2.3062450137181254,0.576,0.424,29.24902330477256,25.39440415629275,33.03072384364343,FALSE,0.7301763557357159,TRUE,natural_scale_gwei
2024-01-20,15.97158477168908,108259517050,0.8053792360064509,0.78701825612096,3.396482593710614,20.695689237141963,20.712112916387937,16.112139516935226,25.567942438653244,2.8762892319328666,4.724104465452876,0.14055474524614492,9.596357666964163,2.8762892319328657,0.9565,0.0435,20.695689237141963,16.112139516935226,25.567942438653244,FALSE,0.7301763557357159,TRUE,natural_scale_gwei
2024-01-21,12.934572724810682,106895847127,0.7989746334272836,2.016791464881142,3.304237788394153,15.364206427587067,15.312691578731805,11.123406471126884,19.67732087875701,2.5938033001728953,2.4296337027764268,-1.8111662536837962,6.742748153946327,2.5938033001728957,0.83375,0.16625,15.364206427587067,11.123406471126884,19.67732087875701,FALSE,0.7301763557357159,TRUE,natural_scale_gwei
2024-01-22,17.89154121387627,107066175822,0.7989313374530082,0.4345341845371971,3.7674798995467174,21.313408347770917,21.26119336544764,17.106172668195274,25.751514350715805,2.6875158457256907,3.421867133894636,-0.7853685456809945,7.859973136839536,2.6875158457256907,0.90475,0.09525,21.313408347770917,17.106172668195274,25.751514350715805,FALSE,0.7301763557357159,TRUE,natural_scale_gwei
2024-01-23,15.053374222528092,107559721243,0.8002248796808525,0.0925351256594411,3.804741099827245,19.616590594030953,19.549355461432846,15.030552625628841,24.441253750391436,2.880201482922239,4.563216371502855,-0.022821596899250434,9.387879527863346,2.8802014829222395,0.9485,0.0515,19.616590594030953,15.030552625628841,24.441253750391436,FALSE,0.7301763557357159,TRUE,natural_scale_gwei
2024-01-24,12.150396842651952,107890753868,0.8156566206262157,0.8264191643505494,3.3631844403236024,18.021206564245485,17.98088850262375,12.864216886511722,23.107047690181336,3.137975696862251,5.870809721593497,0.7138200438597695,10.956650847529385,3.1379756968622514,0.97625,0.02375,18.021206564245485,12.864216886511722,23.107047690181336,FALSE,0.7301763557357159,TRUE,natural_scale_gwei
2024-01-25,24.070984936427244,107897157665,0.7875220132879199,0.9999020666303511,4.230404316766904,25.44484484176021,25.36738777998235,21.46200126090172,29.52414799730953,2.4189617983487732,1.373859905333058,-2.6089836755255282,5.453163060882285,2.418961798348773,0.72425,0.27575,25.44484484176021,21.46200126090172,29.52414799730953,FALSE,0.7301763557357159,TRUE,natural_scale_gwei
2024-01-26,19.173350134344744,107806677082,0.7781102497387076,0.9214827249167095,4.112643245117954,21.560686468416282,21.505717185663336,17.69043712328415,25.703670598111806,2.4482924694537562,2.38733633407146,-1.4829130110605964,6.530320463767061,2.4482924694537562,0.8435,0.1565,21.560686468416282,17.69043712328415,25.703670598111806,FALSE,0.7301763557357159,TRUE,natural_scale_gwei
2024-01-27,12.92713325939837,107624862310,0.7672961097648804,1.8422589318178901,2.441213618771834,14.409114232924829,14.30839391503537,10.445166925410529,18.577594575131076,2.472554531998241,1.4819809735264509,-2.4819663339878413,5.650461315732703,2.472554531998241,0.7315,0.2685,14.409114232924829,10.445166925410529,18.577594575131076,FALSE,0.7301763557357159,TRUE,natural_scale_gwei
2024-01-28,11.88077832885943,107888489936,0.7880655364876882,1.4477541625735468,2.4568888069060857,14.632994051701088,14.557564682268417,10.740689239150543,18.98933962192097,2.505165444048217,2.7522157228416875,-1.1400890897088864,7.108561293061537,2.505165444048217,0.86325,0.13675,14.632994051701088,10.740689239150543,18.98933962192097,FALSE,0.7301763557357159,TRUE,natural_scale_gwei
2024-01-29,13.745124953231471,107991132926,0.7852603611456593,1.1588053445388458,3.481839786354601,17.907987218231145,17.788773610216992,13.727164265470824,22.466097794113153,2.712871087854146,4.162862264999642,-0.017960687760646115,8.720972840881682,2.7128710878541455,0.94825,0.05175,17.907987218231145,13.727164265470824,22.466097794113153,FALSE,0.7301763557357159,TRUE,natural_scale_gwei
2024-01-30,26.369699674708578,107940522562,0.7530500319438216,0.6847530309860084,6.770546662660385,26.430390736507064,26.48168498880745,22.630162483650146,30.19210850385132,2.2566199673275027,0.06069106179846155,-3.739537191058429,3.82240882914274,2.2566199673275027,0.5185,0.4815,26.430390736507064,22.630162483650146,30.19210850385132,FALSE,0.7301763557357159,TRUE,natural_scale_gwei
2024-01-31,24.53481020622795,107737421516,0.7730165768099311,0.9060504027664085,5.210707080592518,26.937239265536544,26.84520394510513,23.185502010732154,30.984542912671895,2.4047180866717888,2.402429059308636,-1.3493081954957935,6.449732706443947,2.4047180866717888,0.84825,0.15175,26.937239265536544,23.185502010732154,30.984542912671895,FALSE,0.7301763557357159,TRUE,natural_scale_gwei
2024-02-01,27.430457651954363,107815064064,0.7562431897258479,1.2439487490061316,4.617663077987523,28.33012130021087,28.25690913865885,24.594702041887242,32.26441426540613,2.324049786063547,0.8996636482565655,-2.8357556100671215,4.833956613451768,2.3240497860635476,0.65825,0.34175,28.33012130021087,24.594702041887242,32.26441426540613,FALSE,0.7301763557357159,TRUE,natural_scale_gwei
2024-02-02,20.950976962913494,107869357288,0.7634788131569384,1.2517921460671155,4.539573294351359,23.487913808081643,23.371839578804618,19.841208601849885,27.57979266099178,2.3924616264267486,2.536936845168193,-1.10976836106361,6.628815698078286,2.3924616264267486,0.8635,0.1365,23.487913808081643,19.841208601849885,27.57979266099178,FALSE,0.7301763557357159,TRUE,natural_scale_gwei
2024-02-03,18.09970915021116,107882343219,0.7897086460837665,1.9538229121065722,4.904818079210986,19.913249960547425,19.8037075741085,15.89287700113548,24.256279121428065,2.5325568985299265,1.8135408103362434,-2.206832149075683,6.156569971216904,2.5325568985299265,0.77375,0.22625,19.913249960547425,15.89287700113548,24.256279121428065,FALSE,0.7301763557357159,TRUE,natural_scale_gwei
2024-02-04,15.769268734658564,107809884439,0.7876896884299909,1.548119822711816,2.732121424968726,19.201684694077894,19.11034562353274,15.200337878280113,23.590557332551015,2.604351305610678,3.4324159594193473,-0.5689308563784494,7.821288597892453,2.604351305610678,0.91125,0.08875,19.201684694077894,15.200337878280113,23.590557332551015,FALSE,0.7301763557357159,TRUE,natural_scale_gwei
2024-02-05,18.944457363988622,107912071842,0.7982770752635282,1.4079001534396807,3.1725963284514376,24.070784365349652,24.02027252061437,19.46856227266049,28.883927530808073,2.8947656823806165,5.126327001361048,0.5241049086718651,9.939470166819449,2.8947656823806156,0.9715,0.0285,24.070784365349652,19.46856227266049,28.883927530808073,FALSE,0.7301763557357159,TRUE,natural_scale_gwei
2024-02-06,35.523622060217754,107853818287,0.7597436349470835,0.8046803875323585,5.014789350906384,36.33389832206987,36.33706291725495,32.61537777624956,40.00188013391299,2.2678849964857513,0.8102762618521556,-2.9082442839681923,4.478258073695236,2.267884996485752,0.6525,0.3475,36.33389832206987,32.61537777624956,40.00188013391299,FALSE,0.7301763557357159,TRUE,natural_scale_gwei
2024-02-07,39.599934334333454,108032034472,0.7445820141585677,0.9515467345885984,5.564816431366148,41.60872575022655,41.43996595164907,38.08084285282718,45.66327536184682,2.340853079227683,2.0087914158932145,-1.5190914815062757,6.063341027513366,2.3408530792276836,0.8105,0.1895,41.60872575022655,38.08084285282718,45.66327536184682,FALSE,0.7301763557357159,TRUE,natural_scale_gwei
2024-02-08,55.57017970990714,107796228622,0.7422185620608864,0.6481923501968411,7.51382138440264,55.464786827914565,55.513352043429954,51.50145015096498,59.0789396378262,2.27500743585576,-0.10539288199253771,-4.06872955894216,3.508759927919067,2.27500743585576,0.487,0.513,55.464786827914565,51.50145015096498,59.0789396378262,FALSE,0.7301763557357159,TRUE,natural_scale_gwei
2024-02-09,66.71782489585365,107744163399,0.7002879195316563,0.4255164778840873,7.926677196997134,60.289569738051505,60.368817837908495,54.402366757552016,65.82467830590032,3.4240101700831604,-6.428255157802493,-12.315458138301638,-0.8931465899533341,3.4240101700831604,0.01525,0.98475,60.289569738051505,54.402366757552016,65.82467830590032,FALSE,0.7301763557357159,TRUE,natural_scale_gwei
2024-02-10,35.14609758152475,107920858560,0.7512394623555226,1.4578054752535379,5.644776843025295,37.76196683900903,37.60562435475418,34.100555425256985,41.86763586371646,2.416247545199437,2.615869257484458,-1.0455421562677678,6.721538282191709,2.4162475451994365,0.872,0.128,37.76196683900903,34.100555425256985,41.86763586371646,FALSE,0.7301763557357159,TRUE,natural_scale_gwei
2024-02-11,27.545567000747663,107973234501,0.7745022028059555,1.3815818492368388,4.624907007438593,31.33519130950795,31.25978371843883,27.259115224558393,35.815064073583784,2.6146226061279725,3.789624308760267,-0.2864517761892708,8.269497072836117,2.6146226061279725,0.936,0.064,31.33519130950795,27.259115224558393,35.815064073583784,FALSE,0.7301763557357159,TRUE,natural_scale_gwei
2024-02-12,39.91959285630401,108336399815,0.7743351671792895,0.7404796921203375,6.403111239041714,39.77408163377818,39.86410675628917,35.70591770038902,43.57543846760559,2.4260345957230145,-0.1455112225258312,-4.21367515591499,3.6558456113015874,2.4260345957230145,0.48875,0.51125,39.77408163377818,35.70591770038902,43.57543846760559,FALSE,0.7301763557357159,TRUE,natural_scale_gwei
2024-02-13,30.230181212219303,108034822123,0.7717050090360998,0.2913219175378805,5.9736457613284735,33.32320369946469,33.28495244501344,29.42020739830119,37.56516007907455,2.5040417998233657,3.09302248724534,-0.8099738139181148,7.334978866855246,2.5040417998233657,0.8965,0.1035,33.32320369946469,29.42020739830119,37.56516007907455,FALSE,0.7301763557357159,TRUE,natural_scale_gwei
2024-02-14,25.89487796745431,107963565178,0.7770623422604235,0.2821454852313593,4.5704633791750515,29.988962016914254,29.933929323795347,25.705473008678137,34.704484614340956,2.758562480661847,4.0940840494599335,-0.18940495877617541,8.809606646886644,2.758562480661847,0.94125,0.05875,29.988962016914254,25.705473008678137,34.704484614340956,FALSE,0.7301763557357159,TRUE,natural_scale_gwei
2024-02-15,34.558588172057846,107909845451,0.7671260383267204,0.02870245819907861,5.856446264052116,35.87615844712014,35.77587417722489,32.18006716102292,39.72665011657848,2.2914144029721286,1.317570275062432,-2.378521011034925,5.168061944520636,2.2914144029721286,0.7185,0.2815,35.87615844712014,32.18006716102292,39.72665011657848,FALSE,0.7301763557357159,TRUE,natural_scale_gwei
2024-02-16,26.869030500358598,107876645228,0.7693046089215578,0.4514080578835364,4.187245962541806,29.164530464743027,29.070156977620407,25.306661035034388,33.24473617499938,2.44304936344183,2.2954999643843954,-1.56236946532421,6.375705674640786,2.44304936344183,0.8365,0.1635,29.164530464743027,25.306661035034388,33.24473617499938,FALSE,0.7301763557357159,TRUE,natural_scale_gwei
2024-02-17,19.321391072983086,107808972332,0.8083854830208623,1.1867537808775064,3.3514468972485383,23.35848769249925,23.267798256540274,18.9517039540611,28.04837569430366,2.8366069496568627,4.037096619516119,-0.3696871189219875,8.726984621320575,2.8366069496568618,0.93275,0.06725,23.35848769249925,18.9517039540611,28.04837569430366,FALSE,0.7301763557357159,TRUE,natural_scale_gwei
2024-02-18,21.909203843735412,107612687137,0.8089817669224356,0.9653765409830726,3.8460837912773607,25.88237799137465,25.854305911857367,21.55179985749873,30.518696135298033,2.7945054494360444,3.9731741476392055,-0.3574039862366858,8.60949229156262,2.7945054494360444,0.93125,0.06875,25.88237799137465,21.55179985749873,30.518696135298033,FALSE,0.7301763557357159,TRUE,natural_scale_gwei
2024-02-19,33.09061872853906,107596176309,0.7822749595855534,0.288482373520904,4.927875172654304,35.49214734897486,35.40157962186128,31.5055119179527,39.69313602929602,2.504824599515574,2.401528620435811,-1.585106810586364,6.602517300756957,2.504824599515574,0.836,0.164,35.49214734897486,31.5055119179527,39.69313602929602,FALSE,0.7301763557357159,TRUE,natural_scale_gwei
2024-02-20,36.68740193476705,108103664047,0.8237910200421547,-0.6563439814299022,5.174974048462131,41.901778146432086,41.910615925626075,37.00090237599801,46.933398778532315,3.028269301519954,5.214376211664889,0.313500441230955,10.245996843765264,3.0282693015199533,0.96175,0.03825,41.901778146432086,37.00090237599801,46.933398778532315,FALSE,0.7301763557357159,TRUE,natural_scale_gwei
2024-02-21,39.41162255181083,107696619297,0.8353609844953209,-0.023636502248283803,4.311990215252646,44.681729695915,44.73285702970687,39.56378066623946,49.9472347086961,3.158032704075616,5.270107144104125,0.15215811442863159,10.535612156885268,3.158032704075616,0.9555,0.0445,44.681729695915,39.56378066623946,49.9472347086961,FALSE,0.7301763557357159,TRUE,natural_scale_gwei
2024-02-22,47.27244072675542,108040640154,0.8282983062054402,0.10960653407336203,4.736611842687677,51.10135320162512,51.11430103691646,46.355306075254234,55.73313975188901,2.8986503343313483,3.828912474869721,-0.9171346515011849,8.460699025133593,2.8986503343313483,0.905,0.095,51.10135320162512,46.355306075254234,55.73313975188901,FALSE,0.7301763557357159,TRUE,natural_scale_gwei
2024-02-23,40.536487831976466,108054519966,0.8184560057709792,0.5241370352537508,4.758697220958898,44.25633201911227,44.18216833229588,39.76364810008584,49.16191439442945,2.8601281364044766,3.7198441871356134,-0.772839731890627,8.625426562452992,2.860128136404476,0.91225,0.08775,44.25633201911227,39.76364810008584,49.16191439442945,FALSE,0.7301763557357159,TRUE,natural_scale_gwei
2024-02-24,27.60287469893575,108601405592,0.846446938542068,1.3067057612940798,3.460931092635616,33.85260339243666,33.91928018013225,28.161296198454902,39.33458393989825,3.4141242505591975,6.249728693500949,0.5584214995191547,11.7317092409625,3.4141242505591975,0.96725,0.03275,33.85260339243666,28.161296198454902,39.33458393989825,FALSE,0.7301763557357159,TRUE,natural_scale_gwei
2024-02-25,28.14362591751714,108425387700,0.8544161920721084,0.6251435531804298,3.4306050749287063,35.01418887895673,35.09129514875944,28.974692949232857,41.164666501490224,3.603922817133706,6.870562961439677,0.8310670317157139,13.021040583973086,3.603922817133706,0.97275,0.02725,35.01418887895673,28.974692949232857,41.164666501490224,FALSE,0.7301763557357159,TRUE,natural_scale_gwei
2024-02-26,39.48241696795551,108199123255,0.83217007237585,-0.12376502753143488,4.2114740535334905,45.14668011427202,45.132494801892605,40.00630355986098,50.4874666009075,3.191507765860698,5.664263146316564,0.5238865919054729,11.005049632951994,3.191507765860698,0.96825,0.03175,45.14668011427202,40.00630355986098,50.4874666009075,FALSE,0.7301763557357159,TRUE,natural_scale_gwei
2024-02-27,47.35804813665085,108378433181,0.8099528518593533,-0.38699585568472766,5.220765419840535,51.67688084180932,51.61072665946327,47.03866001736757,56.64798277801322,2.942611603612674,4.318832705158442,-0.3193881192832776,9.289934641362368,2.9426116036126735,0.9355,0.0645,51.67688084180932,47.03866001736757,56.64798277801322,FALSE,0.7301763557357159,TRUE,natural_scale_gwei
2024-02-28,59.051466844203965,108230695232,0.8194263451171443,-1.3651096744163398,6.250218500159236,63.39909121156373,63.38593872494161,58.761849810319625,68.16834531125748,2.88408766302145,4.347624367359771,-0.28961703388434057,9.116878467053517,2.8840876630214494,0.939,0.061,63.39909121156373,58.761849810319625,68.16834531125748,FALSE,0.7301763557357159,TRUE,natural_scale_gwei
2024-02-29,68.10490224672938,108219695232,0.8040202518169747,-0.982426196369556,5.2871257539960475,69.8471428224334,69.8309569017887,65.58228134287752,74.0611113988157,2.5826438809417653,1.7422405757040185,-2.5226209038518608,5.95620915208632,2.5826438809417662,0.7625,0.2375,69.8471428224334,65.58228134287752,74.0611113988157,FALSE,0.7301763557357159,TRUE,natural_scale_gwei
2024-03-01,53.22047206466297,108685731684,0.7814055575586822,0.11693194236577673,4.781122853851354,56.70317718599386,56.56286314062254,52.69050016145785,61.374179913974096,2.6559094760394313,3.4827051213309637,-0.5299719032051246,8.153707849311125,2.655909476039431,0.917,0.083,56.70317718599386,52.69050016145785,61.374179913974096,FALSE,0.7301763557357159,TRUE,natural_scale_gwei
2024-03-02,47.609462305400484,108495209709,0.8001745575904308,0.7849622677178836,4.7556984516563805,51.45303571339892,51.366070775964104,47.05557058907647,56.38470493021024,2.8175012087012323,3.8435734079984245,-0.5538917163240109,8.775242624809753,2.817501208701232,0.922,0.078,51.45303571339892,47.05557058907647,56.38470493021024,FALSE,0.7301763557357159,TRUE,natural_scale_gwei
2024-03-03,50.05554974032585,108718074450,0.8048547847995386,0.08050239560798438,4.820567111050241,55.919239867835316,55.92944904021586,50.71882630961361,61.19470632794668,3.107798152206507,5.8636901275094795,0.6632765692877631,11.13915658762083,3.107798152206507,0.98075,0.01925,55.919239867835316,50.71882630961361,61.19470632794668,FALSE,0.7301763557357159,TRUE,natural_scale_gwei
2024-03-04,78.25368867334815,108653858699,0.7377954463989436,-0.741278114996113,7.2134772648164605,76.80872740857129,77.02069496077593,72.47449549040383,80.42864344293676,2.4109619121424783,-1.4449612647769872,-5.7791931829443355,2.1749547695886084,2.4109619121424783,0.28575,0.71425,76.80872740857129,72.47449549040383,80.42864344293676,FALSE,0.7301763557357159,TRUE,natural_scale_gwei
2024-03-05,90.56254951749865,108593584113,0.7477571596769647,-2.2257939792099446,8.979433999869226,88.53146305231932,88.76270054506452,83.72609947513409,92.36256119859658,2.6375264173141013,-2.031086465179243,-6.836450042364564,1.8000116810979303,2.637526417314101,0.223,0.777,88.53146305231932,83.72609947513409,92.36256119859658,FALSE,0.7301763557357159,TRUE,natural_scale_gwei
2024-03-06,76.20564097664413,108438373463,0.7725691655872708,-1.565689038152224,7.360899590966465,78.66854939679943,78.55383901634639,74.84684418363817,82.97018248594367,2.484669959257014,2.462908420155309,-1.3587967930059726,6.764541509299536,2.484669959257014,0.849,0.151,78.66854939679943,74.84684418363817,82.97018248594367,FALSE,0.7301763557357159,TRUE,natural_scale_gwei
2024-03-07,67.77597930413481,108463146699,0.7775902896848459,-0.5295463332686156,6.782756791385854,70.26904543473412,70.18043069617485,66.33040124207413,74.65214101244483,2.531314389012212,2.493066130599404,-1.4455780620606777,6.876161708310018,2.531314389012212,0.8465,0.1535,70.26904543473412,66.33040124207413,74.65214101244483,FALSE,0.7301763557357159,TRUE,natural_scale_gwei
2024-03-08,59.95873099628269,107525961766,0.7786129789971019,-1.832878313609847,6.073535797357133,64.43946495039923,64.35897676570227,59.96378052367511,69.48595781409495,2.9325598861198676,4.480733954116608,0.0050495273924188976,9.527226817812258,2.932559886119869,0.95,0.05,64.43946495039923,59.96378052367511,69.48595781409495,FALSE,0.7301763557357159,TRUE,natural_scale_gwei
2024-03-09,53.88113698332852,108667500359,0.8075460372876384,-0.6060487812570912,4.926042262183531,58.213723108243435,58.203367165328885,53.67794861048992,63.073474421788646,2.878147029944987,4.332586124914823,-0.20318837283859306,9.192337438460127,2.878147029944987,0.942,0.058,58.213723108243435,53.67794861048992,63.073474421788646,FALSE,0.7301763557357159,TRUE,natural_scale_gwei
2024-03-10,57.09881335108998,108424806273,0.7999257785147941,0.06127933564973829,6.415811949207721,59.11134194179916,59.02115143437425,54.948579599236915,63.52108488184008,2.6257381428046944,2.012528590709156,-2.1502337518530648,6.422271530750103,2.6257381428046944,0.7825,0.2175,59.11134194179916,54.948579599236915,63.52108488184008,FALSE,0.7301763557357159,TRUE,natural_scale_gwei
2024-03-11,65.56896051680829,108427298106,0.7676330931999984,-0.9011896533716508,6.799878938910774,66.63512943486514,66.61150033049569,62.691958248726316,70.5620545017894,2.3834843339601,1.0661689180567773,-2.8770022680819736,4.99309398498112,2.3834843339601015,0.6915,0.3085,66.63512943486514,62.691958248726316,70.5620545017894,FALSE,0.7301763557357159,TRUE,natural_scale_gwei
2024-03-12,58.5482667668303,108407847684,0.7695743372994506,-0.8001679699465051,6.3740840533950385,61.70651730559319,61.56305965242237,57.682494370185964,66.44027172827042,2.6867967217585367,3.158250538762938,-0.8657723966443366,7.892004961440109,2.6867967217585367,0.89125,0.10875,61.70651730559319,57.682494370185964,66.44027172827042,FALSE,0.7301763557357159,TRUE,natural_scale_gwei
