date,BF_obs_gwei,GAS,TIP_obs_gwei,ETHUSD_gwt,ETHUSD_close,ETHUSD_mean,ETHUSD_high,ETHUSD_low,ETHUSD_volatility,BF_cf_gwei,BF_cf_p05_gwei,BF_cf_p95_gwei,is_capped,TIP_cf_gwei,TIP_cf_p05_gwei,TIP_cf_p95_gwei,TF_obs_gwei,TF_cf_gwei,Delta_usd_base_only,Delta_usd_base_only_p05,Delta_usd_base_only_p95,Delta_usd_base_only_close,Delta_usd_base_only_mean,Delta_usd_base_only_high,Delta_usd_base_only_low,Delta_usd_base_plus_tip,Delta_usd_base_plus_tip_p05,Delta_usd_base_plus_tip_p95,Delta_usd_base_plus_tip_close,Delta_usd_base_plus_tip_mean,Delta_usd_base_plus_tip_high,Delta_usd_base_plus_tip_low,is_extrapolation_day,is_synthetic
2023-10-28,13.76299536101857,107789681968.0,4.075458608954247,1785.6123153671506,1775.582842648178,1785.6073207605323,1795.0916137020222,1775.582842648178,,15.56480349144532,11.532605876037763,19.724536943729202,False,4.609004851193771,3.415002088447701,5.840773159209148,17.838453969972818,20.17380834263909,346795.0623832709,-429284.36581075547,1147421.3875297229,344847.1750466335,346794.09234912694,348636.0968727286,344847.1750466335,449487.01900020085,-556402.8177495077,1487192.509239972,446962.32886685134,449485.76172233565,451873.21532853367,446962.32886685134,False,False
2023-10-29,14.02045884080171,107819983084.0,3.730315674023919,1788.7771507726468,1799.5280569867357,1788.8067377602372,1804.5806359458886,1771.4308181835738,,14.892389618480216,11.159785005534092,18.752811104966362,False,3.962303591364576,2.9691981837094064,4.989416251719888,17.75077451482563,18.854693209844793,168165.73347690384,-551726.4971730862,912709.4833069036,169176.44295977752,168168.51499581322,169651.44379833862,166534.97766044244,212908.29707953357,-698520.123797462,1155547.0772879098,214187.91826270596,212911.81865579076,214789.29892188337,210843.6586026168,False,False
2023-10-30,21.870532995080232,107827177101.0,4.730815048670867,1802.9759017992224,1810.0160648552571,1802.9728219478268,1822.7250232789472,1783.1294412983018,,21.976322943608825,18.162200898742874,25.63742657269686,False,4.753698472710408,3.9286657233312265,5.545631808177327,26.6013480437511,26.730021416319232,20566.6029335075,-720936.1081250431,732321.0340978851,20646.910295361933,20566.567801545567,20791.881784630124,20340.21373310241,25015.36486719075,-876881.7995361933,890729.398875635,25113.0435146954,25015.32213583404,25289.373787181743,24740.00541826113,False,False
2023-10-31,24.268844047837796,107631123242.0,5.0515332162746915,1802.9625041960765,1812.443535891506,1802.9691733845168,1813.104335516687,1790.6532221156283,,23.658154574554437,19.71206786324427,27.335753605798395,False,4.924418873579205,4.10304526150313,5.689907070126564,29.320377264112487,28.582573448133644,-118507.27214371154,-884264.6533634373,595148.7646762606,-119130.45271497607,-118507.7105040921,-119173.8865417093,-117698.19295431829,-143174.43059691356,-1068323.3691241906,719028.3259549459,-143927.3255191902,-143174.96020152557,-143979.80004922271,-142196.94246345357,False,False
2023-11-01,26.03745840251109,107945356524.0,4.9774688546090395,1813.799697429006,1845.7727244061282,1813.8056209949598,1849.4157282390854,1791.6262956576888,,26.728887146335076,23.16994176583658,30.54670111618981,False,5.1096463115774755,4.429298041295551,5.839481375886615,31.014927257120128,31.83853345791255,135375.70149782219,-561434.6810338955,882870.2900202199,137762.05703761638,135376.1436121844,138033.95817429916,133720.75590287035,161254.89168065798,-668761.7325280637,1051644.8033886787,164097.43653784742,161255.41831211987,164421.31584453626,159283.57725939434,False,False
2023-11-02,25.856280445981156,107597693913.0,4.636851628268016,1827.1439016546153,1797.7941393299568,1827.1804844574508,1866.7267158465586,1797.7941393299568,,26.169371684600282,22.414907177982684,29.917429318532204,False,4.692998823245289,4.019704189968284,5.365144500928826,30.49313207424917,30.862370507845572,61552.63238349155,-676561.837353646,798407.5335651862,60563.900664398934,61553.86478112178,62886.09408207718,60563.900664398934,72590.97273131745,-797890.8453566072,941587.341649632,71424.9300377723,72592.4261369527,74163.56642962119,71424.9300377723,False,False
2023-11-03,22.074733175842077,107677024419.0,4.58600150467726,1804.2274717524494,1832.5545820924126,1804.2596428929044,1832.5545820924126,1785.8949624118886,0.3011561903044238,22.625239738779847,18.910915516698537,26.494871197972067,False,4.7003686368123025,3.928721870546268,5.504280310536306,26.660734680519337,27.32560837559215,106949.02697325069,-614647.0232080393,858717.2113472325,108628.170504349,106950.93397900365,108628.170504349,105862.33249229002,129167.56953574254,-742339.2653214002,1037114.7662332132,131195.5532860564,129169.87271984035,131195.5532860564,127855.11547322263,False,False
2023-11-04,16.350103636495913,107692112646.0,3.9522426489743947,1838.1544985357023,1861.8723471797591,1838.1688787237356,1861.8723471797591,1828.8029734774495,0.3047658116570735,18.840422241839867,14.898555783421166,22.980901153898095,False,4.554217022984185,3.601366014826115,5.55507779470971,20.302346285470307,23.39463926482405,492970.37531792047,-287340.77976474306,1312597.8072831428,499331.20992519014,492974.23190706875,499331.20992519014,490462.41158503824,612134.0568045266,-356798.4731117659,1629886.6239310668,620032.4695444393,612138.8456309531,620032.4695444393,609019.8534142362,False,False
2023-11-05,19.08082799577823,107653059068.0,4.450853708191673,1882.2380909291876,1898.5570754353175,1882.2341110782006,1901.7382072196847,1852.1585164399992,0.31602293427244416,21.368681881553492,17.62265052890228,25.594491404906165,False,4.984525672194315,4.110714664588201,5.970251238783324,23.5316817039699,26.353207553747808,463584.832086224,-295468.5875424847,1319855.0731588877,467604.10771801043,463583.8518709364,468387.6028832644,456176.3992444937,571722.0821787732,-364390.5158156496,1627728.601914799,576678.9066346432,571720.8733153972,577645.1623364103,562585.5350857746,False,False
2023-11-06,30.00516518529783,107776634539.0,5.581090430088055,1892.5521411388056,1900.1979638825042,1892.551280623229,1908.9694498404067,1876.4478112027434,0.3199160433308851,28.536554861234873,24.660252030100807,32.106477134695965,False,5.307922561338162,4.586913478356477,5.971943536178002,35.58625561538589,33.844477422573036,-299556.7074468529,-1090217.438980466,428610.69309318607,-300766.9026309319,-299556.57124283124,-302155.26990274957,-297007.68385779514,-355275.54994865996,-1293002.5953971474,508334.1347967465,-356710.84666838095,-355275.3884101015,-358357.4562543581,-352252.3969531782,False,False
2023-11-07,27.725372449989276,107902868960.0,4.178722436615126,1883.9757845164163,1884.9724360593752,1884.011079768963,1899.5647857298547,1861.6795509702742,0.3368263314511635,29.424003576615295,25.840684101865996,33.435874038697456,False,4.434737320208429,3.8946653152712827,5.039399823586367,31.9040948866044,33.858740896823726,345308.59341125377,-383131.4947122791,1160867.2656236412,345491.2668539003,345315.0625782734,348165.8573559071,341221.9798212795,397352.9354465643,-440876.4420891253,1335831.266469568,397563.14112939034,397360.3796357742,400640.8415033981,392650.3941921735,False,False
2023-11-08,31.86806244416528,107937804240.0,4.836190327587798,1887.896656807696,1892.836617820304,1887.8935455823982,1900.0096250931124,1877.9796971027217,0.3195891902118445,33.28573793614427,29.59775215520423,37.09077883217619,False,5.0513320078822765,4.491655648727623,5.628772258908105,36.704252771753076,38.33706994402655,288887.4184726262,-462633.4321363283,1064261.224295403,289643.3351586067,288886.9423905052,290740.9543244942,287369.91756602924,332728.00468419626,-532841.130945645,1225769.9400506194,333598.63675243774,332727.4563534485,334862.8269234731,330980.2129270197,False,False
2023-11-09,49.73681718947975,107941360503.0,6.281703121247237,1962.7582417670958,2111.077269252265,1962.7904218868953,2111.077269252265,1892.1948889231123,0.7951269389383631,48.85345562262737,44.76007935357831,52.48282716934737,False,6.170135565757174,5.653146825046927,6.62852104077344,56.01852031072699,55.02359118838454,-187151.45050901105,-1054385.5876714638,581777.3493085725,-201293.85508092833,-187154.5189236379,-201293.85508092833,-180423.14665756928,-210788.4646414125,-1187553.281370909,655255.1630798082,-226717.03873444954,-210791.92059329702,-226717.03873444954,-203210.38370947746,False,False
2023-11-10,38.926638923613076,107972463441.0,6.289433001105873,2099.3957902380375,2083.3442395948123,2099.373589069429,2127.9431724899578,2077.893906761376,0.839806948510774,36.90360053055921,32.95096875024132,40.8213285913878,False,5.962567780177207,5.323935382216151,6.5955607340124,45.216071924718946,42.86616831073642,-458576.1427489377,-1354546.6007237213,429482.44706459355,-455069.96339326946,-458571.29329353134,-464811.81707939866,-453879.4338994613,-532668.9492556779,-1573402.6419258735,498874.5433425284,-528596.2714619964,-532663.3162667913,-539912.1304503998,-527213.3864066962,False,False
2023-11-11,29.186435607982087,107895921915.0,4.599677772332246,2060.8413888866967,2044.0095568390723,2060.843860441358,2079.8534704327935,2041.5791937573194,0.8846416719001435,30.160045599286303,26.5555647885182,34.13741834601832,False,4.753115221703346,4.185061948985319,5.3799349286777725,33.78611338031433,34.913160820989646,216488.3947312044,-584990.91580598,1100882.6068676426,214720.23522119768,216488.65436443192,218485.58628442566,214464.92910932517,250606.19077138562,-677183.3900289426,1274377.764850258,248559.37565213107,250606.49132188037,252918.13256399307,248263.83421095373,False,False
2023-11-12,27.755245000442127,107890578358.0,5.180046192899142,2049.908919978792,2044.9474053422068,2049.9069782340994,2058.9519699665784,2033.8986246664742,0.8883804865901095,29.31291453214909,25.817347828935297,33.20279017563774,False,5.470758817752034,4.818370521676133,6.1967381963373604,32.93529119334127,34.78367334990112,344503.3199522634,-428596.69250807306,1204811.007883202,343669.4983870043,344502.9936267928,346023.07564136933,341812.66387737467,408799.0273377111,-508587.0029982251,1429668.5681190763,407809.58710561594,408798.64010912064,410602.4196753627,405606.20589707233,False,False
2023-11-13,46.29083843719474,107858538606.0,8.90524766084978,2063.525096076282,2062.861830800028,2063.5053776209647,2103.0865406819407,2037.076902475754,0.884430409328487,42.20781659721727,37.49105907134111,46.32056108938802,False,8.119772134434548,7.212381053560237,8.910965586639298,55.196086098044525,50.327588731651815,-908753.2763588664,-1958556.344630953,6615.335068319375,-908461.1817804981,-908744.5925726074,-926175.6922389751,-897105.7889433003,-1083575.6226761432,-2335335.636073924,7887.96695686948,-1083227.3361028018,-1083565.2683375701,-1104349.6937325387,-1069687.4378879645,False,False
2023-11-14,36.228323920482204,108062171960.0,6.849104464502049,2031.761181116301,1983.6534711074553,2031.671467358284,2061.4989486283202,1974.2563800900928,0.9522607028522109,37.0132544887978,33.484360236182425,40.83327978325838,False,6.997498617970878,6.3303475393453805,7.719689143710564,43.07742838498425,44.010753106768675,172336.62883689054,-602455.1343666692,1011048.1122381755,168256.07023529737,172329.01919912372,174859.02499731962,167458.9967397225,204917.53367131643,-716351.6027627711,1202190.6601119358,200065.52971671222,204908.48540215954,207916.79856134937,199117.76640040317,False,False
2023-11-15,34.17915395682005,107844318514.0,5.485019267191604,2006.7211019103725,2054.8463618644923,2006.6891975729905,2054.8463618644923,1972.6650266553222,0.9712007608775362,34.8724115025477,31.227895595389427,38.620946473777536,False,5.596272196396523,5.011405760100179,6.1978314557893235,39.664173224011655,40.46868369894422,150030.27085497096,-638692.0619287195,961263.7302075865,153628.3023796352,150027.8855626778,153628.3023796352,147484.10627340138,174106.9032766254,-741188.4042871976,1115525.8891744856,178282.34149373378,174104.13519620936,178282.34149373378,171152.1340290365,False,False
2023-11-16,34.56265413741616,108002812540.0,5.343493805864881,2024.9169962793887,1959.9120095334672,2024.7903868169008,2076.1629340114773,1953.5870997113814,0.5388174408436492,35.49528032773965,31.986177352155554,39.42922670063882,False,5.487680714988449,4.945162483037139,6.095881057260046,39.90614794328104,40.9829610427281,203962.2988432431,-563467.0498109501,1064303.5095744599,197414.5901927976,203949.54594666915,209124.11006089774,196777.50573468933,235495.50448670037,-650580.8078719754,1228848.1417187476,227935.49971810498,235480.77995265962,241455.34776980113,227199.92002169183,False,False
2023-11-17,27.84328534037856,107938758996.0,4.692871935097728,1960.335015481423,1961.3843275876868,1960.3283319010097,1985.7877018360714,1917.906157885821,0.5435481485130282,30.60961397913027,26.73409543238411,34.82120406756184,False,5.159125319831331,4.505922509902849,5.868971614423359,32.53615727547629,35.7687392989616,585344.430913771,-234700.29062175518,1476500.589665566,585657.7492970277,585342.4352362249,592944.4523855243,572675.4252042954,684001.8421574559,-274258.0652720343,1725358.7288790536,684367.9690735261,683999.5101166166,692882.816183296,669197.5273200244,False,False
2023-11-18,21.932560053723975,107393638273.0,4.568939316803543,1949.3901567786395,1961.6203506579561,1949.3985689283502,1967.4722852309785,1928.4714904049522,0.5381922194022845,24.29157322099746,20.34743590959526,28.635593490932695,False,5.060363390528262,4.238729983903776,5.965299474399997,26.50149937052752,29.351936611525723,493864.3636810985,-331849.07047401776,1403294.135499173,496962.797771833,493866.4948403996,498445.34447196865,488564.7658444242,596745.0261693614,-400979.08820197603,1695625.0687334528,600488.9187612013,596747.6012867548,602280.3061024047,590341.4285779883,False,False
2023-11-19,20.342553053080525,107813142128.0,4.58241183026321,1965.3956773631598,2004.0603082749603,1965.3971590099218,2004.0603082749603,1948.8817116304579,0.5730875651994971,24.76790391597957,20.43523432684857,29.496656806056002,False,5.579276879320719,4.603289434182951,6.644486989838098,24.924964883343733,30.34718079530029,937711.8607569378,19638.743316596985,1939713.240757906,956159.1807624581,937712.5676668786,956159.1807624581,929832.8663569582,1148943.0623125369,24062.61329351945,2376657.6537120705,1171545.8694493612,1148943.9284626904,1171545.8694493612,1139289.2269152235,False,False
2023-11-20,39.52640176703787,107964279468.0,4.9660436724222405,2022.0340978088223,2026.0528716616452,2022.0928067022971,2046.9847712000512,2000.988500086534,0.5759473359671321,38.40848511170442,34.50613709179615,41.89514456468064,False,4.825590135436141,4.33530440677121,5.263649314624648,44.492445439460106,43.23407524714057,-244049.53929036064,-1095961.2018151481,517114.210351978,-244534.58546656332,-244056.62516414502,-247060.96246700847,-241509.4394800852,-274711.5934154378,-1233656.2853082558,582083.7405250889,-275257.5801373638,-274719.5695488233,-278101.36772810656,-271852.35889959295,False,False
2023-11-21,40.12805738762296,107865462611.0,5.1626623993170275,2000.3677583293595,1945.681569422054,2000.3675582802982,2029.55238274439,1945.681569422054,0.5808644917013773,40.15980358557918,36.33514479322023,43.887706649726546,False,5.166746696269824,4.674686441600752,5.646358873646457,45.29071978693999,45.32655028184901,6849.895978964703,-818399.0021353153,811221.7531785409,6662.6330599632975,6849.895293933037,6949.833423264981,6662.6330599632975,7731.167157089276,-923689.8642159143,915589.228588269,7519.811987088116,7731.166383925078,7843.96202134859,7519.811987088116,False,False
2023-11-22,39.139038719465795,107838403023.0,6.0219537061450605,2019.1236254206742,2063.4796625500376,2019.0695531446065,2081.176219063091,1946.8951748444579,0.6955700431423442,39.23676058591583,35.43898935260525,42.84000989018516,False,6.036989245470852,5.452662105567148,6.591387135964199,45.16099242561086,45.27374983138668,21277.868052848986,-805645.2979982592,805846.0107106848,21745.299513460628,21277.298230010503,21931.78883473539,20516.712360511297,24551.69236156886,-929602.3201135225,929833.9145926444,25091.043080003234,24551.034865479673,25306.225749304667,23673.424841950997,False,False
2023-11-23,32.68626514897525,107864151826.0,5.079053603363857,2063.0303385683565,2065.262313464186,2063.037975579355,2081.0123385210513,2048.1028658492123,0.5727968019760605,33.774023690143444,30.01211933214833,37.74534867968126,False,5.248078235359272,4.663523414002317,5.86517451131215,37.76531875233911,39.02210192550272,242055.6641014176,-595069.693409084,1125782.7701857951,242317.54205617547,242056.56015308225,244165.49489694618,240304.2214518172,279668.2113706023,-687536.3871958101,1300715.9113524717,279970.782018872,279669.2466579494,282105.88456891617,277644.61553800607,False,False
2023-11-24,28.41000116601142,107750826814.0,4.804759340476838,2088.2975498854084,2076.4014192970935,2088.2765409049516,2120.7262652551653,2064.927349656047,0.5702531833478711,31.642978848128955,27.70600724446102,36.07960879839441,False,5.351527347452185,4.6856984030821955,6.101859565645826,33.214760506488254,36.99450619558114,727471.0195441847,-158409.7467470729,1725782.8022428872,723326.930859032,727463.7009394037,738767.7577096054,719329.8696449578,850502.4532867072,-185200.3373513472,2017650.8310492707,845657.50757936,850493.8969440439,863709.7196460572,840984.4549392188,False,False
2023-11-25,22.2760603585199,107936575620.0,3.7693413231637742,2082.166202189734,2085.009037183346,2082.1615410714935,2089.0773223866568,2072.191486751717,0.5673662798536392,27.69912747336317,22.322524466522268,33.06370631701711,False,4.686980737192884,3.7772035339640015,5.594723326829971,26.045401681683675,32.38610821055605,1218790.3515553616,10442.431437352641,2424435.938516238,1220454.3973254038,1218787.6231824139,1222835.757059298,1212951.6788679555,1425022.367560555,12209.399550098991,2834675.7395103755,1426967.9871988532,1425019.1775184998,1429752.297791464,1418195.730669476,False,False
2023-11-26,24.097848636335737,107778568328.0,4.244336979561528,2074.7698220563057,2066.9364372810232,2074.739018891852,2092.680569188197,2048.926492529446,0.5689188676804533,27.925285286826988,23.49845621913107,32.65318965665523,False,4.9184606807169216,4.138766418471085,5.751183122272761,28.342185615897264,32.84374596754391,855875.0063014848,-134033.56755395577,1913108.7509279824,852643.6125475203,855862.2995143074,863263.469663256,845214.2286159243,1006619.6637996826,-157640.80469188117,2250063.2376136906,1002819.1269569531,1006604.7189750969,1015309.451970226,994081.2109056604,False,False
2023-11-27,32.11298909498467,107702123594.0,5.7068210014328375,2030.8346600073348,2026.3711949309068,2030.8391307371323,2067.1804045914246,1993.5844162871533,0.5911835939447841,34.81214622838781,31.01350452877691,39.19461190546447,False,6.1864900403227105,5.511430855886851,6.965300978476882,37.819810096417505,40.99863626871052,590373.6988182899,-240484.9877440422,1548929.4048574746,589076.147403293,590374.9984815953,600939.5868686427,579544.8683871179,695289.4079459707,-283221.7374912453,1824190.6965183627,693761.2677918304,695290.9385733207,707732.9671046153,682536.1787382544,False,False
2023-11-28,39.42700221141667,107824735828.0,7.2714483545246384,2033.5936518371466,2050.0979761716903,2033.580015375587,2066.2824549852194,2006.7165759443524,0.48631785688408674,38.138955500443316,34.309039776775535,41.783045684659754,False,7.033896306138215,6.3275521048342664,7.705969050387769,46.69845056594131,45.172851806581534,-282432.18979305576,-1122224.3148324746,516613.6536250558,-284724.36476058135,-282430.2959163239,-286972.11852782726,-278699.41289695445,-334520.63087521424,-1329194.0485124355,611891.7445494812,-337235.547389422,-334518.3877143351,-339897.85018437676,-330099.424910288,False,False
2023-11-29,37.53769830008519,107940875890.0,5.835847259419583,2045.9566259812912,2028.546477126224,2045.9307872111212,2069.245361153574,2025.538978245994,0.2085744873545262,38.01213546539753,34.362919710731866,41.910491697689615,False,5.909606252547527,5.34227616238992,6.515669292230793,43.37354555950477,43.92174171794505,104775.81862942998,-701125.5651687682,965697.9710469055,103884.22465544973,104774.49539595447,105968.46184656055,103730.20713953486,121064.92802324219,-810126.96624801,1115831.4665187986,120034.72122841257,121063.39907154736,122442.9870747299,119856.75917836647,False,False
2023-11-30,44.545688439665355,107888214993.0,6.522870133222599,2036.9137547826467,2049.515550270137,2036.923439570736,2049.515550270137,2027.1597154509157,0.22787497705336057,43.222797687755055,39.26340639576748,46.75387346943616,False,6.329157904780118,5.749380240344017,6.846216896598594,51.06855857288795,49.55195559253517,-290717.1343271508,-1160828.9620985126,485268.5098841862,-292515.7170422501,-290718.51658196317,-292515.7170422501,-289324.99567818886,-333287.13782562804,-1330810.3190351764,556326.8677318661,-335349.08882361604,-333288.7224854082,-335349.08882361604,-331691.1469087431,False,False
2023-12-01,43.59818939835931,107863170034.0,5.911663132905033,2089.1980709044883,2085.7876837694207,2089.2022731697866,2101.633002188794,2049.893611829653,0.26351451673566845,41.676987799255194,37.65142261666615,45.21884412002074,False,5.651159272055954,5.105315841229596,6.131414569866654,49.50985253126434,47.32814707131115,-432938.02875908266,-1340089.1864533082,365210.533252932,-432231.30482317443,-432938.89958147134,-435514.88095560565,-424793.0877550283,-491641.92951198784,-1521797.5543393116,414730.97607345885,-490839.3778847304,-491642.918412872,-494568.18801045476,-482392.5814644802,False,False
2023-12-02,33.758724080897785,108073234725.0,5.193341832127818,2114.0635745803734,2162.9023083476986,2114.0819597827626,2163.12496234358,2090.2531071163066,0.37320540486761955,34.89189271126764,31.27225602599863,38.85832227645054,False,5.367665128140202,4.810830972629308,5.977848870146873,38.952065913025606,40.25955783940784,258899.21714811435,-568092.5288825511,1165124.0117436189,264880.26241605316,258901.46869559048,264907.52978204994,255983.26350296385,298727.5036526168,-655486.1960038287,1344363.2287029051,305628.6551578471,298730.1015714684,305660.117254431,295362.96836055286,False,False
2023-12-03,32.603718951992796,107731495784.0,4.579710550262726,2165.885320553049,2196.4076368232954,2165.8896628323914,2202.9907809301476,2155.2950057197113,0.3582170170714091,35.53026569344919,31.654797978129146,39.92940790825671,False,4.990790556424589,4.446419516753087,5.6087200031519755,37.18342950225552,40.52105624987378,682863.0484153373,-221415.5884608613,1709332.7851403074,692486.1626842292,682864.4174546307,694561.7046394306,679524.1206327138,778782.0174083251,-252516.92717500989,1949435.7439942863,789756.8510319483,778783.5787509476,792123.9358446912,774974.0841476712,False,False
2023-12-04,46.736066326951985,107932894414.0,6.493314357443849,2231.9221610019117,2235.020359231617,2231.928459749399,2261.258129460505,2202.189361720312,0.26743492753187487,47.478602713036885,43.86347505446591,51.223621727766904,False,6.596479269590275,6.094208492987622,7.116796610102588,53.229380684395835,54.07508198262716,178875.3958941793,-692000.9722585635,1081042.308445273,179123.6982071275,178875.90070163633,181226.50072375563,176492.48741490202,203727.5982217702,-788144.7045337029,1231237.8232608591,204010.39862367554,203728.1731650723,206405.35576188797,201013.618365353,False,False
2023-12-05,56.133104733287375,107825092919.0,6.382896261233403,2236.340798607915,2290.4318007125903,2236.361658058265,2295.207292670411,2198.5370315626405,0.276605255239529,55.149149390727665,50.9624373766959,58.75447555547728,False,6.271010683069032,5.794939591184868,6.680972380481802,62.51600099452078,61.420160073796694,-237264.74752614036,-1246821.9154253772,632100.7259143321,-243003.5365183148,-237266.96061111556,-243510.19270166158,-233253.9539793261,-264244.12586451723,-1388598.0559080031,703976.9098405874,-270635.472647254,-264246.59059942135,-271199.7407135312,-259777.26491761563,False,False
2023-12-06,56.235368431249604,107655420086.0,6.225087027650835,2268.1315226038414,2230.324492804942,2268.141518667801,2298.8484192704987,2230.324492804942,0.3745018682133949,55.74045156257335,51.72631431592709,59.35914149087384,False,6.170301211092547,5.725948228292104,6.5708793589408,62.46045545890044,61.9107527736659,-120847.14395042878,-1101005.7370081216,762752.4469201668,-118832.76712663657,-120847.6765455487,-122483.75505352941,-118832.76712663657,-134224.56120793597,-1222883.7778570503,847186.8606190216,-131987.19889681792,-134225.1527597421,-136042.34026336673,-131987.19889681792,False,False
2023-12-07,49.22061521814559,107619362929.0,6.421918834683439,2284.3009345265355,2353.6421870919407,2284.4957993465964,2364.9185584023853,2235.7256785295754,0.4760937476400655,50.37045332110288,46.788540142642724,54.35840683408112,False,6.571940668776562,6.104600803092113,7.092257484471209,55.64253405282903,56.94239398987944,282670.4630473188,-597889.2036975521,1263049.0600215176,291251.08553653857,282694.5765641001,292646.47834649583,276659.52556628647,319551.08232862846,-675897.0855832642,1427841.7695748743,329251.23696779413,319578.3419874664,330828.68965913093,312755.88499118306,False,False
2023-12-08,42.20713081334745,107734640482.0,5.419992736208643,2361.8694248594174,2358.913636043606,2361.868752210014,2380.098432218662,2349.0831386726964,0.49384167706195753,43.75273731498132,40.15955835204973,47.59690428950756,False,5.61847047801343,5.157055463448445,6.112115904205644,47.62712354955609,49.371207792994745,393287.53939611075,-521015.36464018933,1371455.636412408,392795.3551550559,393287.42738965264,396322.94913319964,391158.4263386904,443791.22362413694,-587921.1087025151,1547569.9432640118,443235.8359631863,443791.09723446495,447216.4229159623,441388.7023277909,False,False
2023-12-09,33.942454745305405,107775026891.0,4.3734405115095925,2359.6751178225677,2341.1270113730616,2359.6752926273803,2383.3221431851416,2341.1270113730616,0.49451301226743977,37.868957968030934,33.51674555189965,42.40971316138388,False,4.879365271274232,4.318588443604272,5.464435587032818,38.315895256815,42.748323239305165,998564.9340718971,-108263.8287896115,2153342.7740706443,990715.7651104509,998565.0080456211,1008571.8583911925,990715.7651104509,1127228.7083573136,-122213.48028984986,2430798.1494686045,1118368.1843310893,1127228.7918624545,1138525.0116723834,1118368.1843310893,False,False
2023-12-10,30.82702483548028,108026932108.0,4.171652971820197,2349.870099000032,2351.6199839283076,2349.886245377883,2367.184983053577,2331.378356094543,0.4957113779255934,33.90084449156047,29.477547382950668,38.41307464578613,False,4.587616204456509,3.9890355555987584,5.198231676850309,34.998677807300474,38.48846069601698,780286.8378376219,-342563.84953640576,1925713.112821549,780867.8964152194,780292.199328081,786036.336982879,774146.5564646344,885878.7956509192,-388921.1450776851,2186309.3550099647,886538.485713552,885884.8826826111,892406.3431262954,878907.5835223969,False,False
2023-12-11,36.474928148193584,108107606481.0,4.978385122166239,2234.7734513001988,2220.3217993012686,2234.749290544173,2350.1551531735454,2177.113094891672,0.6780984433512633,41.29405076052527,36.68684147561604,46.22962606206916,False,5.636136885724276,5.007308720100206,6.309783028376214,41.45331327035982,46.93018764624955,1164280.7892853422,51197.414126827156,2356696.0835038912,1156751.712552306,1164268.2019225925,1224392.7880420971,1134240.677062452,1323190.9901732684,58185.239949179,2678356.5038319374,1314634.2858205393,1323176.6847882324,1391507.5473888759,1289050.7671249085,False,False
2023-12-12,42.428802077850385,108106962359.0,7.170504869457518,2210.8053162120696,2199.020079839841,2210.7989955543744,2237.713278154072,2174.675233298603,0.6450343952003224,43.726581401244154,39.82634883026014,47.72880328640421,False,7.389830716574335,6.730687981624072,8.066209735325165,49.5993069473079,51.11641211781849,310173.7318698701,-621995.2970979856,1266718.558493451,308520.27522231423,310172.8450880396,313948.89149670844,305104.7180730158,362593.3653695344,-727113.0493842114,1480795.1090225833,360660.473094242,362592.32872079464,367006.53029375436,356667.683782555,False,False
2023-12-13,47.214895018525205,107951238138.0,5.106567496768944,2198.944958489089,2261.1253781847468,2198.970460834469,2271.767769728662,2158.840788633461,0.6573610085051695,48.40037378154453,44.74906092900576,52.35099409801161,False,5.234783969917283,4.839873094313442,5.662066701187369,52.32146251529415,53.63515775146181,281407.5627822486,-585336.8132801722,1219201.1947015014,289365.03361014754,281410.82641685253,290726.98196405516,276275.2757493654,311843.43927599,-648644.4187336217,1351064.946393457,320661.55719142966,311847.0558917958,322170.8082385576,306156.0653338607,False,False
2023-12-14,44.997666968455164,107686124251.0,5.499818466501205,2279.937929971892,2321.80000755726,2279.9713053295686,2321.80000755726,2250.6756691360615,0.5398742789517197,47.97173172491267,44.008298900301035,52.82635438662607,False,5.863322118359468,5.378893424427019,6.456676066720922,50.49748543495637,53.83505384327214,730185.4768302246,-242907.35197918746,1922081.1661817548,743592.4563277552,730196.1658060687,743592.4563277552,720813.7840307611,819432.049819378,-272596.5876677972,2157006.623523605,834477.6910162411,819444.0452502161,834477.6910162411,808914.9063200593,False,False
2023-12-15,56.37726248682539,107844138701.0,8.554920597048778,2261.411688345557,2220.0689216392075,2261.3845588818604,2309.3577690024254,2220.0689216392075,0.6169060893784483,59.86155306534174,54.71606927521595,64.96161082412308,False,9.083641360019811,8.302844220956622,9.857545363906713,64.93218308387416,68.94519442536155,849748.7715778959,-405131.7934337531,2093550.836257051,834213.8004784699,849738.5774020327,867765.0060168162,834213.8004784699,978693.189019013,-466608.1789708417,2411234.9588986835,960800.8767084188,978681.4479364499,999443.2819016419,960800.8767084188,False,False
2023-12-16,51.17097561250472,107658432944.0,5.270546792239982,2242.385167076142,2224.222988226832,2242.402301683686,2254.58435143035,2223.3752716726526,0.6212233322499723,57.6856714243392,50.97041410232398,63.92767624774901,False,5.941552351592512,5.249889206343347,6.5844710785735465,56.4415224047447,63.62722377593171,1572723.6159610408,-48417.88974107759,3079616.4441551147,1559985.3549285429,1572735.633522667,1581279.6595930732,1559390.7987996608,1734712.1907334537,-53404.872115505896,3396813.1045038137,1720661.904670752,1734725.446088968,1744149.4962093204,1720006.1100006779,False,False
2023-12-17,39.25714777133591,107644874518.0,4.4140298055178055,2218.5296595181094,2204.1697846426373,2218.5208254111762,2240.860810408129,2204.1697846426373,0.6138734423072213,47.852593875726875,40.88461760753811,53.85704070875127,False,5.380492155699201,4.597020694372522,6.055625444571725,43.671177576853715,53.233086031426076,2052707.2515428462,388661.51842112176,3486649.295499851,2039420.6952141235,2052699.077734899,2073369.2765784718,2039420.6952141235,2283511.3599587018,432362.185024855,3878684.2441764153,2268730.8780908827,2283502.267096927,2306496.5999889784,2268730.8780908827,False,False
2023-12-18,58.47570617780943,107799727606.0,6.475507219894484,2169.340088547399,2217.535930455942,2169.3520531569843,2217.535930455942,2132.775268640133,0.4712801643823156,59.47942139992628,55.178073545162114,63.72368132136901,False,6.586657056166186,6.110332597525053,7.0566596873587075,64.95121339770391,66.06607845609247,234723.09118855122,-771165.4741140361,1227261.3994824684,239937.89224945032,234724.38576203075,239937.89224945032,230766.76935469202,260715.9550805346,-856563.119080893,1363166.385886247,266508.2349634506,260717.3930130338,266508.2349634506,256321.51642391348,False,False
2023-12-19,53.93996502207173,107521423941.0,5.1605092090804305,2212.2946312677473,2175.660610512927,2212.3082054264064,2249.2913335308813,2156.059551675508,0.4873839164439797,56.604364213678956,52.650334795025486,61.021179891037654,False,5.415415873542101,5.037128545777119,5.8379785868937635,59.10047423115216,62.01978008722106,633778.1549679535,-306763.1413726843,1684401.9877808362,623283.2408842256,633782.0436928587,644376.9700483803,617667.9296459213,694412.565907742,-336111.5848767246,1845550.9979105156,682913.5892378514,694416.8266722042,706025.3839228296,676761.0535993226,False,False
2023-12-20,54.37931118940642,107579988983.0,4.882222623572586,2208.208498100761,2192.3647426115663,2208.209914258783,2248.4510118022963,2178.3924904892615,0.4310691398726187,55.42290683288198,51.37792226797465,59.44579085354036,False,4.975917562861017,4.612755273327647,5.337095645997406,59.26153381297901,60.39882439574299,247915.58536720247,-713007.0885437003,1203588.0750725013,246136.8068144087,247915.7443592747,252433.61269548445,244568.14195926546,270173.6657500189,-777021.495168509,1311647.2762844115,268235.1868865219,270173.83901653986,275097.3255652448,266525.68591416656,False,False
2023-12-21,40.687972164016095,107751019186.0,4.508691925257437,2223.1757204770356,2238.316816880529,2223.158419407275,2268.4025168999096,2189.588922541942,0.40676154714421736,41.705565236956076,38.03646178211129,45.668160981809905,False,4.621452857472681,4.214874297766943,5.060553714253214,45.19666408927353,46.32701809442876,243763.86065246782,-635167.8528882215,1193001.4907592356,245424.03176707265,243761.96364742253,248722.82921236978,240081.17940680543,270775.67991352564,-705551.7038689522,1325199.6786296857,272619.8169448587,270773.57269865973,276284.1588155382,266684.9155338923,False,False
2023-12-22,32.93130552399383,107605180103.0,4.6446180729154785,2295.7745199502,2323.9663227948445,2295.8219243902317,2333.694740388019,2240.903629431555,0.3596185638272173,35.328112072673186,31.611529780669002,39.47606800436671,False,4.982662703583623,4.458477433420463,5.56768873821695,37.575923596909306,40.31077477625681,592100.452297676,-326033.74476955796,1616799.9987086388,599371.366348836,592112.6783199355,601880.4108595244,577948.7667502771,675610.0617092889,-372017.41287022515,1844832.8196006163,683906.4625509444,675624.0120848055,686769.3816892755,659462.4281297728,False,False
2023-12-23,21.803820148257998,107629555293.0,4.650382602423405,2293.40146547886,2309.1138252145015,2293.396900347135,2322.482875664803,2276.426614997811,0.3711395865187042,24.708543857770966,20.841404879624594,28.88029888992768,False,5.269910580168401,4.445115855994247,6.159674708252344,26.454202750681404,29.978454437939366,716995.5514984119,-237560.44819147326,1746742.3016631627,721907.7712748328,716994.1242824674,726087.3926123567,711688.6340373988,869918.4620723912,-288228.036154576,2119292.614192702,875878.3744656204,869916.7304556513,880949.4376798694,863479.6697167321,False,False
2023-12-24,21.128362885700398,107427708036.0,4.994280497566183,2293.0557736612727,2266.442141829906,2293.0538554363598,2318.1078726208566,2259.894312405573,0.39894585849295683,22.383370408042047,18.611395816809917,26.26455337481477,False,5.290936685602967,4.39932481580422,6.208363014528712,26.12264338326658,27.674307093645012,309155.69937128737,-620023.9445780026,1265237.486229218,305567.5808195528,309155.44075125235,312533.2880298496,304684.78555207816,382233.31018449576,-766583.9743910896,1564311.812832198,377797.03928878513,382232.99043237,386409.28654860397,376705.5706275628,False,False
2023-12-25,21.607641318735915,107288173904.0,3.574401971799639,2277.7941790967234,2276.5708415132012,2277.813338247064,2290.267965966001,2262.6539191961674,0.39865213050494397,23.42089087723247,19.804626846324478,27.37854250493177,False,3.874355247663905,3.2761418151122657,4.529042058365371,25.182043290535553,27.295246124896373,443122.61252178677,-440621.3583153977,1410295.013308861,442884.6241420722,443126.3397473766,445549.2659377448,440177.222818467,516425.3074611686,-513510.28815032396,1643590.3185219937,516147.95031735953,516429.6512557907,519253.38529115345,512992.68240402354,False,False
2023-12-26,18.359047196985596,107826286358.0,3.855067132997407,2237.086065771875,2228.9019154527805,2237.051406474375,2272.194162469824,2198.1805184966806,0.4060198986390226,22.318692405925763,18.035319744900765,26.977875630082483,False,4.686520853854022,3.7870902359835936,5.664864877993172,22.214114329983005,27.005213259779786,955132.4821097056,-78088.46210228943,2079005.203697261,951638.2277187649,955117.6841896096,970122.0187459232,938521.6093742521,1155692.9905027517,-94485.62370260805,2515558.6121671647,1151465.0060270026,1155675.0852876646,1173830.0581303723,1135594.1355835951,False,False
2023-12-27,27.29305144150094,107320132740.0,4.21502944654391,2289.044527800956,2380.168319606609,2289.224678004168,2380.168319606609,2219.988100673162,0.6190536160289584,30.113795518622332,26.071213284747355,34.529420473761164,False,4.650653853426908,4.026333659974723,5.332585269219556,31.508080888044848,34.76444937204924,692945.5768554992,-300157.44895925035,1777690.4874390815,720530.8106555117,693000.112398591,720530.8106555117,672040.6337010644,799961.3137201956,-346512.56204268377,2052229.87954249,831806.7004388389,800024.2715139291,831806.7004388389,775827.8949530894,False,False
2023-12-28,29.640731584586145,107586891315.0,5.347254549266404,2383.1963910105865,2352.0332344608973,2383.192597460715,2432.221801943825,2349.118079015657,0.6360192670239686,31.666067516189038,27.91646794861875,35.715238333658455,False,5.712629700117543,5.03619351673926,6.443109209797717,34.98798613385255,37.378697216306584,519297.53257660597,-442102.38790401234,1557507.7285656375,512507.09333098016,519296.70596361876,529980.1498494482,511871.8821349995,612979.9737663196,-521858.65161886014,1838485.6208731653,604964.5240298404,612978.9980304929,625589.7591877369,604214.7193074563,False,False
2023-12-29,23.582635437484264,107328229193.0,4.780489333169201,2336.300616957136,2292.495117248114,2336.215149231348,2373.8378650143495,2276.8502410206443,0.6146811920145976,26.32037686536272,22.427929210889296,30.39463651615817,False,5.335463086108857,4.546416224003155,6.161365468937156,28.363124770653464,31.655839951471577,686491.4229043331,-289543.75035554473,1708116.1375230902,673619.7489390845,686466.3093293664,697521.2529885591,669022.7063904478,825651.6509121828,-348237.8184434729,2054372.2206012418,810170.7308236999,825621.4465076706,838917.3627834164,804641.8113893716,False,False
2023-12-30,19.01746908777929,107328398745.0,3.2108585821230604,2297.459545228729,2292.8681148142873,2297.4552777319946,2316.049496328534,2276.5537525965074,0.6133392390114591,20.68748842373764,16.587461721272508,24.84561609682552,False,3.4928201771398806,2.8005826420725297,4.194867324584812,22.22832766990235,24.18030860087752,411797.8003771928,-599197.6660878756,1437119.9583883185,410974.830088476,411797.0354689392,415129.87252963503,408050.6356277767,481324.6388506769,-700364.5963279619,1679759.4458318236,480362.720461024,481323.74479736097,485219.28914732643,476944.8128339409,False,False
2023-12-31,13.816166460473813,107822421080.0,2.6821417176053663,2294.071686390874,2278.789078844603,2294.0953818114335,2311.349759396505,2278.7697435773966,0.5977045119168912,16.851690210737,12.79450625551317,21.105563234793877,False,3.2714299915021168,2.4838061326381733,4.097237232017064,16.498308178079178,20.123120202239118,750843.9736561574,-252710.06624557066,1803049.519580373,745842.0141071414,750851.7291085417,756499.0441012657,745835.6857221363,896605.8209035234,-301768.84192514623,2153076.739447047,890632.8275721213,896615.0819271122,903358.7139899711,890625.270653465,False,False
2024-01-01,11.947326729660181,107407637525.0,2.9216357245079863,2305.1163147484444,2345.6784042975182,2305.1398354944436,2345.6784042975182,2273.6733352290034,0.63204860188294,16.07918888091761,11.84999450330548,20.79235745621501,False,3.9320538994698326,2.897833804957412,5.084626520676532,14.868962454168168,20.01124278038744,1022995.7576613248,-24098.20342488677,2189915.4856596547,1040996.9514688093,1023006.1960167432,1040996.9514688093,1009041.5660872088,1273162.2609497516,-29991.25160342374,2725444.0989914243,1295565.52160464,1273175.2519324468,1295565.52160464,1255795.6688000027,False,False
2024-01-02,18.637759748438828,107478678978.0,3.7203789003728365,2380.4187716319666,2357.700516805161,2380.4368993852217,2422.2000274457873,2357.4652580693773,0.5945436099648123,22.27586801309645,18.14444148561813,26.781223473014794,False,4.446600367319152,3.621905109480643,5.34593749892714,22.358138648811664,26.722468380415602,930789.1349233261,-126212.6483572273,2083458.4910822827,921905.8640429201,930796.2232205499,947126.4027261231,921813.8733907824,1116588.732353757,-151406.603008764,2499348.3359266683,1105932.2261706195,1116597.2355823773,1136187.1660500758,1105821.8727921743,False,False
2024-01-03,33.79932939389156,107766428329.0,6.100559281147455,2291.8028518478395,2204.6259042141596,2291.680967674007,2378.487331953094,2197.0018336863554,0.5596384766719616,35.15470078025572,30.98723738638528,39.25642727236225,False,6.345195007321949,5.59299495062753,7.085529980496629,39.899888675039016,41.49989578757767,334748.8223232751,-694528.8186307489,1347790.8022104965,322015.44932368095,334731.0194901835,347410.2637755985,320901.85064374463,395168.8090951577,-819886.756391725,1591058.2822142981,380137.1450280779,395147.7929664004,410115.5584381944,378822.5490241063,False,False
2024-01-04,22.1386521049546,107488204769.0,4.2717678708887155,2247.4739438261026,2272.6962186276364,2247.6071909710877,2284.5641861729673,2209.5795899827062,0.6335895266482034,27.246443896916734,22.536594715243826,32.024828107160914,False,5.257342817577084,4.348552963722378,6.1793568610388725,26.410419975843315,32.50378671449382,1233924.7086388897,96133.75788512846,2388272.141842551,1247772.4278399008,1233997.8649684677,1254288.2668491744,1213119.671208436,1472016.8878949014,114683.26561010773,2849101.6518820697,1488536.5964152047,1472104.1601181102,1496309.7003925415,1447197.4104693332,False,False
2024-01-05,19.12187122209903,107245315367.0,3.533180706046019,2246.0011749565424,2268.0102687152034,2245.9920258954353,2269.788423546708,2221.8309143826314,0.6086773464745338,23.693065287976143,19.163377476406335,28.544410949658893,False,4.377808017335703,3.540849887330397,5.274199416018911,22.65505192814505,28.070873305311846,1101077.705110088,9997.740323814716,2269636.3947828845,1111867.4245089695,1101073.2198821548,1112739.14562071,1089228.4971304217,1304525.7075763103,11845.039827397595,2689000.9761382476,1317309.0618010408,1304520.3936051745,1318341.8523069469,1290487.1012616474,False,False
2024-01-06,17.235461941301338,106831408703.0,2.706054596560688,2243.6780569370276,2237.028568283151,2243.664450090055,2265.888393101623,2227.320260739787,0.6151009785611239,21.64890817031229,17.051524334761716,26.525816886591095,False,3.3989879507906346,2.6771754631001468,4.164687256886326,19.941516537862025,25.047896121102923,1057882.2627223588,-44088.977481317765,2226854.299575199,1054747.0642114312,1057875.8471664286,1068354.3180178953,1050169.6488735112,1223975.1222818699,-51011.16967885239,2576481.674446789,1220347.6817660271,1223967.699451248,1236091.3431625492,1215051.5890954235,False,False
2024-01-07,29.142170184294837,107394196834.0,2.907349831892469,2241.819534713496,2217.7438610549807,2241.830834803642,2250.1282776352996,2217.7438610549807,0.6161160441221226,28.57737852427087,23.948512773620084,32.75183564765381,False,2.851003755830163,2.3892079466333604,3.2674657811068637,32.04952001618731,31.428382280101033,-135978.34113215908,-1250416.6918511654,869057.3117329153,-134518.02279920166,-135979.0265430447,-136482.31081477887,-134518.02279920166,-149544.13272322775,-1375163.7074597762,955758.2544970636,-147938.12667267816,-149544.88651368878,-150098.38061652225,-147938.12667267816,False,False
2024-01-08,23.841915321847303,107128253991.0,3.720964129920114,2256.805110309557,2332.779717901709,2256.722750610848,2349.5373546194487,2183.151014920525,0.7041406347122846,27.030185361722264,22.95574860005632,31.41062329886595,False,4.218551605369402,3.5826617099844302,4.9021985446955005,27.562879451767415,31.248736967091666,770820.3672066487,-214246.39360975393,1829868.2950814948,796769.7833325855,770792.2369383716,802493.4178765147,745663.5308477218,891120.8924903513,-247683.43651612362,2115452.4940253217,921120.1865431888,891088.3719825398,927737.0982648629,862037.8746795485,False,False
2024-01-09,20.520827430590415,107735811426.0,4.964099996201233,2293.621457098871,2334.953072499059,2293.660810341463,2349.8468031715415,2256.33194048423,0.7028614932503154,27.200785554951544,21.6888495858002,32.461250048038245,False,6.580018272982502,5.246650921394263,7.852553303963808,25.48492742679165,33.780803827934044,1650652.1797945257,288624.31180730235,2950540.1462442754,1680397.3327462443,1650680.501170516,1691115.9144562802,1623816.0069409213,2049953.9383207315,358444.1058673798,3664291.8883854724,2086894.6058857897,2049989.1107919288,2100206.070928919,2016625.9489937795,False,False
2024-01-10,37.86649002341206,108039914246.0,6.454026182151783,2416.9350245742644,2596.8852415598294,2417.0631400088,2596.8852415598294,2357.0537543671658,0.8647176897754049,37.04268778107876,33.01390184895379,40.73630865237231,False,6.31361598734241,5.626943156769973,6.943162739511196,44.32051620556385,43.35630376842117,-215115.73354130154,-1267134.2842741366,749382.6889214825,-231131.93692872394,-215127.13626640497,-231131.93692872394,-209786.08949418698,-251780.40923767458,-1483106.7137744965,877108.6939396455,-270526.44039464154,-251793.75546180102,-270526.44039464154,-245542.37198589914,False,False
2024-01-11,31.63456610966569,107494111854.0,4.124912453088513,2610.3345215692907,2618.072912828553,2610.286087034506,2654.0219958010107,2578.5612200955948,0.8700739778563171,33.54022614380167,29.943922669416896,37.57510921876621,False,4.373396367137165,3.9044651058342734,4.89951515077972,35.759478562754204,37.913622510938836,534719.8035957403,-474387.0953510048,1666890.2047843435,536304.9916320278,534709.8819153147,543669.0618029741,528211.1307098649,604443.2943216395,-536243.6490465511,1884240.3065625804,606235.1791037808,604432.07892778,614559.4693279514,597085.9388349988,False,False
2024-01-12,24.012378594403366,108005495587.0,4.257617244474724,2605.5941423480804,2516.65547350229,2605.4878855798092,2687.637387036186,2494.7523929743093,0.9649964492997357,27.77908374042922,23.753409702299,32.23030172219533,False,4.925488972447112,4.211699660072525,5.7147311694904515,28.26999583887809,32.70457271287633,1060020.4618245764,-72878.63370359638,2312675.4899708084,1023838.0006761879,1059977.2339301226,1093397.693032772,1014927.2830938526,1247971.9127821368,-85800.6908163603,2722734.285615014,1205373.9659738305,1247921.0201814089,1287267.2363861417,1194883.2955896498,False,False
2024-01-13,16.69850872957498,108005730581.0,3.4325327703599884,2550.5719193984573,2582.053481267788,2550.5822845585367,2582.053481267788,2512.255654622939,0.9327505974450322,19.444365948531456,15.691335639738398,23.71173961848296,False,3.9969690945512895,3.2254990350560826,4.87416718467396,20.131041499934966,23.441335043082745,756418.8164338121,-277452.40040110314,1931979.482305672,765755.2501911096,756421.8904118716,765755.2501911096,745055.4263520701,911907.6937685527,-334485.30507630203,2329115.7171678934,923163.3177570988,911911.3996312071,923163.3177570988,898208.4538531736,False,False
2024-01-14,30.992242310155174,108134241314.0,4.331417593696162,2537.397279742959,2482.3107610585457,2537.363133592409,2568.8837791414394,2482.3107610585457,1.0137120390767187,23.969315366137966,18.954618161496818,29.531280124979137,False,3.349906510369624,2.649061844731332,4.12723626182387,35.323659903851336,27.31922187650759,-1926947.3924186977,-3302877.6533029433,-400858.11736167024,-1885113.6502673277,-1926921.4611873967,-1950858.834429245,-1885113.6502673277,-2196253.941913325,-3764481.6325882557,-456881.295185991,-2148573.5945066386,-2196224.386581826,-2223507.202162728,-2148573.5945066386,False,False
2024-01-15,22.02336716977431,108163633646.0,3.7598457702350534,2519.121532055386,2513.2515517026904,2519.1183519641836,2541.557485144649,2488.1108295983713,0.9712298162791411,24.70942310652366,21.004554320621537,28.903200460163387,False,4.218411255455781,3.585913276079237,4.9343760724084955,25.783212940009363,28.92783436197944,731889.3727156153,-277603.41356979497,1874598.6643094772,730183.9463661839,731888.4487923644,738407.770269615,722879.7226134161,856838.0756578909,-324996.0766565585,2194631.555036808,854841.4976422802,856836.9940017692,864469.298933915,846290.291329126,False,False
2024-01-16,32.14754239848232,108180953706.0,5.68253368090207,2545.1270483889416,2592.3363937487175,2545.190779894406,2603.8929818002803,2509.019230487308,0.975530429066679,31.057144106123204,27.156747722754172,34.736744258873905,False,5.489790330722328,4.800339997548197,6.140211801237144,37.83007607938439,36.54693443684553,-300224.0193599424,-1374136.8157368933,712896.0077323628,-305792.8491848564,-300231.53714917914,-307156.0680925818,-295964.7293462642,-353292.86924842437,-1617034.9707747435,838910.4795294675,-359846.06866063154,-353301.71591344307,-361450.25582843646,-348280.6893665428,False,False
2024-01-17,35.4568069971504,107968963473.0,5.712751199172031,2548.879993591435,2523.4593217578654,2548.8785515329537,2586.5202889126076,2516.265767165992,0.577937381486041,35.58785596053482,31.745549076407116,39.347073824593224,False,5.7338656250362865,5.114798508765734,6.3395455544945305,41.169558196322434,41.321721585571105,36064.665671201605,-1021337.9234339092,1070601.1621926052,35704.98297404832,36064.64526719783,36597.246518450775,35603.199782216725,41875.35421056864,-1185894.46253022,1243094.9254816212,41457.71993983884,41875.330519100295,42493.74373974519,41339.53758236217,False,False
2024-01-18,33.61264378481455,107969323481.0,4.755638512646175,2504.6440894587504,2466.2742837986953,2504.6466119730876,2541.1989444800843,2440.444332808831,0.5823184308426033,34.293449437211954,30.66346458774377,38.11689315472148,False,4.851961360705839,4.338377964500271,5.392916017838105,38.36828229746072,39.14541079791779,184106.683302041,-797530.9818948689,1218060.4102487855,181286.26754367145,184106.868722297,186793.68907060075,179387.60791909148,210154.763279085,-910368.5520904404,1390396.0061868147,206935.30488997075,210154.97493326996,213221.93635011793,204768.01602899795,False,False
2024-01-19,28.830551982814537,108078043228.0,5.00724172869756,2471.1040202888616,2490.2794064381474,2471.0805842054206,2490.8715135165326,2437.4675592527187,0.5300052247010961,29.24902330477256,25.39440415629275,33.03072384364343,False,5.079921123348778,4.410457359352521,5.736720505995343,33.8377937115121,34.32894442812134,111762.00935756502,-917699.1717014881,1121748.665158057,112629.26531630078,111760.94940065696,112656.04487567661,110240.71424323093,131172.64697809576,-1077083.6187864407,1316572.0847248535,132190.52649161575,131171.40292965644,132221.95707977738,129387.13588958613,False,False
2024-01-20,15.97158477168908,108259517050.0,3.396482593710614,2470.7397763340896,2469.9929116592157,2470.7190731615483,2482.942372706278,2456.2168769209507,0.4784022040108557,20.695689237141963,16.112139516935226,25.567942438653244,False,4.401100408232248,3.426372661134492,5.437223211801339,19.368067365399696,25.09678964537421,1263608.6350404539,37595.737157754455,2566844.256216105,1263226.666586545,1263598.0468320774,1269849.3999698504,1256181.199225463,1532324.908067094,45590.765120188145,3112703.7912359387,1531861.7110298232,1532312.0681932776,1539892.8205373974,1523317.969853178,False,False
2024-01-21,12.934572724810682,106895847127.0,3.304237788394153,2471.152734127423,2455.2695268345087,2471.1382283197995,2478.220182313705,2455.2695268345087,0.39372674008812264,15.364206427587067,11.123406471126884,19.67732087875701,False,3.92490672454467,2.8415612003220203,5.026725552149833,16.238810513204836,19.289113152131737,641802.235097708,-478430.3693266587,1781137.1446480074,637677.0841912779,641798.4676819483,643637.7768591502,637677.0841912779,805755.6368067474,-600649.1498830651,2236142.5619022944,800576.6838306357,805750.90697516,808060.0820704058,800576.6838306357,False,False
2024-01-22,17.89154121387627,107066175822.0,3.7674798995467174,2385.6328066260085,2313.673687496132,2385.507905824741,2456.775690981159,2313.673687496132,0.5416208076462224,21.313408347770917,17.106172668195274,25.751514350715805,False,4.48803356743694,3.60210229600664,5.422579952137687,21.659021113422988,25.801441915207857,874015.2932268026,-200599.29064610388,2007598.909350612,847651.9021668049,873969.5337913434,900079.6434310608,847651.9021668049,1058059.5300963777,-242840.1343128518,2430345.5272587547,1026144.7142197522,1058004.134948084,1089612.3351137477,1026144.7142197522,False,False
2024-01-23,15.053374222528092,107559721243.0,3.804741099827245,2256.515342558847,2236.4018716678397,2256.4789467625183,2344.829516505654,2182.6246845460805,0.4176485396925381,19.616590594030953,15.030552625628841,24.441253750391436,False,4.958094269648709,3.7989729400510583,6.177528127630891,18.85811532235534,24.57468486367966,1107538.9812374138,-5539.033462856018,2278533.753779688,1097666.9220319518,1107521.1175152282,1150885.192272236,1071272.0954977316,1387469.5150355096,-6939.024452112676,2854433.2758533047,1375102.2923641223,1387447.1362566336,1441771.4831124416,1342036.172081869,False,False
2024-01-24,12.150396842651952,107890753868.0,3.3631844403236024,2227.960811154484,2231.496120814411,2227.94303271051,2247.942237962061,2208.4998586091283,0.43348488229078175,18.021206564245485,12.864216886511722,23.107047690181336,False,4.9882026321948105,3.5607671609367264,6.395944450195551,15.513581282975554,23.009409196440295,1411203.9386659937,171585.4720497076,2633719.974563346,1413443.2253228843,1411192.677691369,1423860.2960264303,1398877.252871208,1801819.91525569,219079.68950254298,3362723.8213782483,1804679.0280910507,1801805.5372853712,1817979.505037011,1786081.248897417,False,False
2024-01-25,24.070984936427244,107897157665.0,4.230404316766904,2214.5626594964497,2218.9939368789564,2214.561759592368,2234.722123384253,2186.5088795996444,0.4378552636739624,25.44484484176021,21.46200126090172,29.52414799730953,False,4.4718561264665615,3.771883162253825,5.188781575267831,28.30138925319415,29.916700968226774,328276.9776532797,-623403.6472159012,1303006.1371818595,328933.85062096687,328276.8442554773,331265.32745129504,324118.4093523188,385970.684289189,-732964.9920148572,1532005.6069611826,386743.0007356292,385970.5274471179,389484.2277142587,381081.2599248631,False,False
2024-01-26,19.173350134344744,107806677082.0,4.112643245117954,2239.700676532985,2266.7063220394675,2239.7240960138543,2271.5829663120207,2203.359353706802,0.4837275763947239,21.560686468416282,17.69043712328415,25.703670598111806,False,4.62472186358311,3.794561525684298,5.513383238681159,23.2859933794627,26.18540833199939,576433.5487282198,-358056.297816684,1576776.4874762562,583384.0132425652,576439.5762186823,584639.1190669134,567080.3534992028,700077.3315739715,-434858.62001232227,1914991.725024343,708518.6560963524,700084.6519484508,710042.9794781042,688717.8956562193,False,False
2024-01-27,12.92713325939837,107624862310.0,2.441213618771834,2267.8871252646704,2265.1922823743466,2267.8978205285803,2275.3322694232825,2254.9895468422988,0.49131023290473685,14.409114232924829,10.445166925410529,18.577594575131076,False,2.721077070531587,1.9725087718206153,3.5082702383267925,15.368346878170204,17.130191303456414,361723.4566727637,-605800.923030191,1379170.4721140787,361293.6346262347,361725.16254594777,362910.9422625352,359666.3187324864,430032.81892187474,-720202.8893354938,1639618.7611177587,429521.8274921129,430034.846939247,431444.5542301009,427587.2024957084,False,False
2024-01-28,11.88077832885943,107888489936.0,2.4568888069060857,2275.0374735752084,2251.727316837105,2275.0622289276484,2297.4510895688927,2251.727316837105,0.4913226643518429,14.632994051701088,10.740689239150543,18.98933962192097,False,3.0260340107363266,2.221123771497802,3.9269056854892757,14.337667135765516,17.659028062437415,675532.3332863299,-279835.2747328019,1744798.9112033087,668610.7925409744,675539.683952501,682187.6620382572,668610.7925409744,815229.2270767613,-337703.88697670307,2105615.0796881947,806876.3444181829,815238.0978259556,823260.8463598546,806876.3444181829,False,False
2024-01-29,13.745124953231471,107991132926.0,3.481839786354601,2275.9604429569126,2314.230398593045,2276.005870852971,2314.3589061554644,2243.3591317636947,0.38368224446222543,17.907987218231145,13.727164265470824,22.466097794113153,False,4.536353259946739,3.4772900832818316,5.690988871315153,17.226964739586073,22.444340478177885,1023163.0520387598,-4414.441539516153,2143471.6357650934,1040367.3952562461,1023183.474249929,1040425.1661152178,1008507.06047083,1282345.113652468,-5532.683697308292,2686444.133121321,1303907.5668847098,1282370.7091063405,1303979.9719413293,1263976.5465551538,False,False
2024-01-30,26.369699674708578,107940522562.0,6.770546662660385,2330.8720128055306,2352.8900819998726,2330.946560653958,2380.102456716598,2304.0226446970973,0.270651624823302,26.430390736507064,22.630162483650146,30.19210850385132,False,6.786129383396,5.810402582100435,7.751968433128918,33.140246337368964,33.216520119903066,15269.600653739357,-940850.8904797633,961701.0252701251,15413.84157384004,15270.089018552537,15592.110518887854,15093.709774030542,19190.143739995332,-1182418.8618703668,1208622.3686089236,19371.419207028808,19190.757494812828,19595.459557357623,18969.092034668654,False,False
2024-01-31,24.53481020622795,107737421516.0,5.210707080592518,2318.850086308441,2284.097306439507,2318.8647170040435,2342.087145527796,2277.375668403446,0.3779419786026678,26.937239265536544,23.185502010732154,30.984542912671895,False,5.720935364599494,4.924140781156187,6.580502387705414,29.745517286820466,32.65817463013604,600191.4744623262,-337093.5229995051,1611316.9160893154,591196.3598948268,600195.2613473939,606205.957639734,589456.5881573239,727660.2398370929,-408685.50159445376,1953528.67127191,716754.7413386141,727664.8309814425,734952.0799540981,714645.4765895485,False,False
2024-02-01,27.430457651954363,107815064064.0,4.617663077987523,2278.423450558847,2298.0466097032077,2278.3734738499606,2302.6321907833412,2250.7566810384596,0.37016076443098767,28.33012130021087,24.594702041887242,32.26441426540613,False,4.769113107143914,4.140289927858183,5.431414830063722,32.048120729941886,33.099234407354786,221000.9090005975,-696598.7441449846,1187453.5641321153,222904.3023348363,220996.06139507884,223349.0912904437,218317.3072269167,258204.3618427717,-813864.6804929911,1387350.3558477613,260428.17378737137,258198.6981878344,260947.83883742333,255069.00060581177,False,False
2024-02-02,20.950976962913494,107869357288.0,4.539573294351359,2304.1387674313924,2306.285778306177,2304.1378523177177,2317.7856254282806,2286.9246217602317,0.3437530717718391,23.487913808081643,19.841208601849885,27.57979266099178,False,5.089266550764534,4.299113156205141,5.975878377853708,25.490550257264854,28.577180358846178,630545.4237981314,-275828.4514955003,1647565.4140091306,631132.9699568418,630545.173370185,634279.9922107593,625834.6394777735,767169.4662862866,-335593.84928328596,2004553.251252817,767884.3195799341,767169.1615966215,771713.2259391085,761437.9681952057,False,False
2024-02-03,18.09970915021116,107882343219.0,4.904818079210986,2309.2823191705747,2295.469458798652,2309.321650241792,2322.7347222351964,2295.469458798652,0.3472984071928634,19.913249960547425,15.89287700113548,24.256279121428065,False,5.396267288703973,4.306791330121254,6.573179457294227,23.00452722942215,25.3095172492514,451808.8506891878,-549789.8317231472,1533791.1267446566,449106.37792630354,451816.5457752046,454440.80032876995,449106.37792630354,574243.9793874859,-698776.7068172478,1949431.3111120844,570809.1668308533,574253.7597554652,577589.1578457557,570809.1668308533,False,False
2024-02-04,15.769268734658564,107809884439.0,2.732121424968726,2297.324291598461,2287.3046371321902,2297.338753591345,2306.2605860257904,2276.989990417877,0.3443749135714769,19.201684694077894,15.200337878280113,23.590557332551015,False,3.326808302333124,2.6335507043987194,4.0872070988021765,18.501390159627288,22.528492996411018,850121.1047155776,-140909.53248365913,1937131.915755489,846413.3479330958,850126.4563524412,853427.9658837669,842596.4297506732,997409.7408022147,-165322.9633889741,2272751.7659261045,993059.5926752485,997416.0196426145,1001289.5357188885,988581.3702739038,False,False
2024-02-05,18.944457363988622,107912071842.0,3.1725963284514376,2300.891482203017,2294.3783605788626,2300.9016887291837,2327.5894756177327,2276.530325508846,0.272330452460011,24.070784365349652,19.46856227266049,28.883927530808073,False,4.0310936667745265,3.2603672937014894,4.8371426362251615,22.11705369244006,28.10187803212418,1272836.0669387556,130132.08686064703,2467910.4768834817,1269233.0564640309,1272841.7131131727,1287605.1984671173,1259359.656116026,1485995.7766682429,151925.0880036941,2881207.282776204,1481789.3761051216,1486002.3683979684,1503238.2697482724,1470262.4940504853,False,False
2024-02-06,35.523622060217754,107853818287.0,5.014789350906384,2336.534437135263,2376.278007365518,2336.6219667434557,2384.749696679327,2298.03175566343,0.3663402908571486,36.33389832206987,32.61537777624956,40.00188013391299,False,5.129174217470391,4.604239085498323,5.646974910715253,40.53841141112414,41.46307253954026,204192.98922547427,-732889.6596130898,1128539.666830122,207666.2350201129,204200.6385594873,208406.58771394994,200828.1864226664,233018.45150974928,-836350.0346330407,1287853.058175792,236982.00755469143,233027.18068293761,237826.87416320405,229178.64710843272,False,False
2024-02-07,39.599934334333454,108032034472.0,5.564816431366148,2384.49744607933,2425.250123908881,2384.4662968769194,2433.5066988262015,2357.847013347925,0.277344630420471,41.60872575022655,38.08084285282718,45.66327536184682,False,5.847103653965334,5.351344733012718,6.416872889187817,45.1647507656996,47.45582940419188,517468.90787300246,-391321.1713644974,1561929.4441150143,526312.8023062014,517462.14806548867,528104.593197931,511685.3955683286,590186.69212337,-446311.93134822237,1781420.9857388579,600273.3827855634,590178.9823878183,602316.9667058289,583590.4465441323,False,False
2024-02-08,55.57017970990714,107796228622.0,7.51382138440264,2427.819280107966,2423.506113801925,2427.84403848651,2451.107357927839,2418.7253841351394,0.28547577753989073,55.464786827914565,51.50145015096498,59.0789396378262,False,7.499570876403321,6.963675472927743,7.988252014585271,63.08400109430978,62.964357704317884,-27582.346080836203,-1064826.24521057,918276.7262522995,-27533.344391652758,-27582.627359665723,-27846.92088969785,-27479.03073607361,-31311.843140159788,-1208804.800862243,1042439.8536442317,-31256.215776163335,-31312.162451597724,-31612.191953478083,-31194.55819783846,False,False
2024-02-09,66.71782489585365,107744163399.0,7.926677196997134,2475.504856479994,2492.4077947982473,2475.424319271096,2516.7058231200776,2421.3879583858716,0.31811190083222823,60.289569738051505,54.40236675755202,65.82467830590032,False,7.16294271291631,6.463490089985867,7.82056335531824,74.64450209285079,67.45251245096782,-1714551.9279983905,-3284793.7701384,-238221.13002640178,-1726259.0209602714,-1714496.1473658336,-1743088.004832673,-1677070.1869621372,-1918256.1058840957,-3675056.7907815157,-266523.94118924765,-1931354.106702594,-1918193.6980110854,-1950182.5251026985,-1876321.1971608023,False,False
2024-02-10,35.14609758152475,107920858560.0,5.644776843025295,2497.011483162316,2501.296078920062,2496.9858900197355,2512.448376175948,2481.1026247248237,0.297862151390958,37.76196683900903,34.100555425256985,41.86763586371646,False,6.064908784410192,5.476853444462564,6.724315860317745,40.79087442455005,43.82687562341922,704923.4615780391,-281752.30620312045,1811317.6029174556,706133.0323362752,704916.2364584183,709281.4023134169,700432.2817676405,818140.4587934756,-327004.24035698205,2102231.3704159916,819544.2974072042,818132.0732551815,823198.3236922482,812927.9554354828,False,False
2024-02-11,27.545567000747663,107973234501.0,4.624907007438593,2515.500491078688,2502.4466229845207,2515.497723709848,2532.359450443842,2499.716754747382,0.28590644225466805,31.33519130950795,27.259115224558393,35.815064073583784,False,5.261185796714174,4.576811688618145,6.01335745970609,32.170474008186254,36.59637710622213,1029287.4452492412,-77802.22863237177,2246051.0124762277,1023946.0896864346,1029286.3129028102,1036185.7604259078,1022829.0876768398,1202105.0430163369,-90865.24063667817,2623163.491823046,1195866.8726313494,1202103.7205486808,1210161.5868908996,1194562.325728547,False,False
2024-02-12,39.91959285630401,108336399815.0,6.403111239041714,2539.1410120988276,2654.8435396026366,2539.119171457111,2654.8435396026366,2480.861839947073,0.4314714380815708,39.77408163377818,35.70591770038902,43.57543846760559,False,6.379771207801524,5.727236842085049,6.989509657637556,46.32270409534572,46.153852841579706,-40027.43020764952,-1159103.6436461702,1005655.1138544922,-41851.38359284541,-40027.08590823573,-41851.38359284541,-39108.70789772325,-46447.83858092984,-1345024.1161961036,1166962.4093797922,-48564.354479533016,-46447.43905581638,-48564.354479533016,-45381.753015836555,False,False
2024-02-13,30.230181212219303,108034822123.0,5.9736457613284735,2646.602487600755,2637.1942545380707,2646.5994754821254,2677.0435373472383,2608.4528658569993,0.4531865207904303,33.32320369946469,29.42020739830119,37.56516007907455,False,6.5848435752257535,5.81359059638149,7.423076881500282,36.20382697354778,39.908047274690446,884373.1629004735,-231591.94821091223,2097255.512056115,881229.3629267594,884372.1563885806,894545.1655236227,871625.3090754107,1059130.037790051,-277355.75789752806,2511684.4369794223,1055365.0060990804,1059128.832386016,1071312.0826265574,1043863.1397543852,False,False
2024-02-14,25.89487796745431,107963565178.0,4.5704633791750515,2711.9234120810984,2777.9051154718522,2711.9870991716284,2777.9051154718522,2627.72876416689,0.5317269813825439,29.988962016914254,25.705473008678137,34.704484614340956,False,5.2930719677476326,4.5370332765497885,6.125364878040498,30.465341346629362,35.28203398466189,1198702.447467904,-55455.67333369841,2579355.2162773833,1227867.146216496,1198730.5979204392,1227867.146216496,1161487.4103216259,1410274.2357406782,-65243.636978776005,3034613.146926704,1444586.5234357265,1410307.3547670208,1444586.5234357265,1366490.7195057755,False,False
2024-02-15,34.558588172057846,107909845451.0,5.856446264052116,2806.066974914937,2823.72534240817,2806.064820745522,2841.207068471425,2777.6789369787816,0.5049627588148115,35.87615844712014,32.18006716102292,39.72665011657848,False,6.079727362128155,5.45337191333811,6.732248160723624,40.41503443610996,41.955885809248294,398963.24854972155,-720221.5223483215,1564900.8034843984,401473.8941337952,398962.9422724889,403959.4250504847,394927.07124668173,466573.2682307999,-842273.3441081336,1830095.5914933733,469509.37856123416,466572.9100505165,472416.1181852574,461853.10304695443,False,False
2024-02-16,26.869030500358598,107876645228.0,4.187245962541806,2814.5612013733657,2801.83770543849,2814.5438959543485,2849.985378022826,2774.397756160111,0.5445641004583689,29.164530464743027,25.306661035034388,33.24473617499938,False,4.54497464790525,3.9437676861078987,5.180830299131033,31.056276462900403,33.70950511264828,696972.1412393491,-474375.08540585096,1935826.3144900089,693821.4113133297,696967.8558839831,705744.2596921183,687026.4337535171,805587.6636479315,-548301.2793959753,2237503.776184144,801945.9267553001,805582.7104665732,815726.8212863462,794092.0258989248,False,False
2024-02-17,19.321391072983086,107808972332.0,3.3514468972485383,2777.6732648879292,2785.389982626816,2777.677727815759,2802.170312867561,2736.103099203009,0.5628876623794831,23.35848769249925,18.9517039540611,28.04837569430366,False,4.0517129851436815,3.2873217655236124,4.865210860773804,22.672837970231626,27.41020067764293,1208941.2838492848,-110705.80228660829,2613366.234840499,1212299.8713290577,1208943.22627274,1219603.262350996,1190848.4829038926,1418641.6361379873,-129908.59240556942,3066675.1154509275,1422582.7969710818,1418643.915490033,1431153.018475743,1397410.4968937675,False,False
2024-02-18,21.909203843735412,107612687137.0,3.8460837912773607,2809.72210294553,2879.4143814436225,2809.6931621573463,2879.4143814436225,2774.426944536199,0.5588472262091376,25.88237799137465,21.55179985749873,30.518696135298033,False,4.543560559404055,3.783342776669663,5.357449927166158,25.755287635012774,30.425938550778703,1201335.87087759,-108065.29316513459,2603181.11805992,1231133.7765121646,1201323.4968399797,1231133.7765121646,1186244.9336560813,1412226.164008142,-127035.77586302158,3060160.42115734,1447254.9873288432,1412211.6177516857,1447254.9873288432,1394486.0657556436,False,False
2024-02-19,33.09061872853906,107596176309.0,4.927875172654304,2913.6657621334866,2951.29164924806,2913.6081273440395,2973.0361959811344,2865.956711394937,0.45107959754825755,35.49214734897486,31.5055119179527,39.69313602929602,False,5.28551228310391,4.691820097287672,5.911126085861305,38.01849390119337,40.77765963207877,752877.5295442462,-496929.86769462697,2069884.5193296056,762599.8818146685,752862.6369857177,768218.5704227501,740549.7352159636,864996.5115532052,-570932.9674145714,2378132.987475314,876166.722467984,864979.4011857555,882622.1496188465,850832.8545563428,False,False
2024-02-20,36.68740193476705,108103664047.0,5.174974048462131,2938.6628352630705,3014.664635707944,2938.7017391158984,3014.664635707944,2895.3024993252584,0.4111300317553327,41.901778146432086,37.00090237599801,46.933398778532315,False,5.91049251396331,5.219195131504105,6.620232228951133,41.862375983229185,47.8122706603954,1656504.1815144971,99592.88910607672,3254950.5303265974,1699345.8776522211,1656526.1113507862,1699345.8776522211,1632062.2561153115,1890163.8493685697,113641.05249065533,3714080.466903153,1939048.6189869135,1890188.8725373845,1939048.6189869135,1862274.2464843409,False,False
2024-02-21,39.41162255181083,107696619297.0,4.311990215252646,2939.0096145018247,2959.2528387560073,2939.0727703219272,3008.3357389114335,2891.462019999235,0.376522355351357,44.681729695915,39.56378066623946,49.9472347086961,False,4.88858790312597,4.328637697850578,5.464682075945876,43.72361276706347,49.570317599040976,1668101.6891000075,48161.29933385146,3334746.7051526615,1679591.1910072532,1668137.5346207807,1707449.3062890815,1641114.9714278176,1850607.196250592,53430.5838249534,3699598.346164422,1863353.7542391254,1850646.9635975887,1894259.8008856853,1820667.8860432613,False,False
2024-02-22,47.27244072675542,108040640154.0,4.736611842687677,2970.1187776763477,2974.459863587001,2970.101225240522,3015.0217919674624,2919.3011164823806,0.37211669962671146,51.10135320162512,46.355306075254234,55.73313975188901,False,5.120261848785579,4.644716633029483,5.584358364419144,52.0090525694431,56.221615050410705,1228673.255719313,-294302.57954154635,2714983.610907915,1230469.0681290014,1228665.994660047,1247248.651819747,1207651.099401349,1351784.062023415,-323791.1581331958,2987019.9882649006,1353759.8115422563,1351776.0734193304,1372220.6787377896,1328655.5242061317,False,False
2024-02-23,40.536487831976466,108054519966.0,4.758697220958898,2943.9827619228067,2918.6786290153445,2944.0094025546878,2983.247505921194,2918.6786290153445,0.4066399504964289,44.25633201911227,39.76364810008584,49.16191439442945,False,5.1953806423025615,4.66797129769592,5.7712613479366635,45.295185052935366,49.45171266141483,1183322.0304246293,-245848.54491924337,2743839.9996585045,1173151.135975969,1183332.738519465,1199104.3363515597,1173151.135975969,1322235.6748681709,-274709.4268075139,3065947.4263120517,1310870.7892837187,1322247.6400176717,1339870.7119854821,1310870.7892837187,False,False
2024-02-24,27.60287469893575,108601405592.0,3.460931092635616,2959.382390987209,2989.0651705071637,2959.4134693564047,2993.0722553009127,2917.9109423032437,0.4108099213831301,33.85260339243666,28.161296198454902,39.33458393989825,False,4.244540792414757,3.530947652561404,4.9318879304526995,31.063805791571365,38.097144184851416,2008619.5998755456,179472.8097705219,3770490.2527917866,2028766.1726551033,2008640.6936759576,2031485.8985950833,1980471.711682544,2260466.340561385,201975.64813037677,4243245.612249683,2283138.9509693896,2260490.0791656626,2286199.684292542,2228789.1858516987,False,False
2024-02-25,28.14362591751714,108425387700.0,3.4306050749287063,3045.874050496622,3107.879110252189,3045.9141560754347,3107.879110252189,2989.629687024964,0.43326600831765205,35.01418887895673,28.974692949232857,41.164666501490224,False,4.268101573503942,3.531909106788912,5.017822302699886,31.574230992445848,39.28229045246067,2269003.9320054385,274459.9493966266,4300199.62696722,2315194.1953115244,2269033.808393796,2315194.1953115244,2227105.061679685,2545587.2133134133,307915.6134970614,4824378.235179112,2597407.900793505,2545620.7315242505,2597407.900793505,2498581.0239238488,False,False
2024-02-26,39.48241696795551,108199123255.0,4.2114740535334905,3115.897651429508,3176.2417214179054,3115.9705350799954,3184.2764997768204,3053.2518307331925,0.42802689558328144,45.14668011427202,40.00630355986098,50.4874666009075,False,4.815664452830954,4.267355505537675,5.3853505420129535,43.693891021489,49.962344567102974,1909634.916288891,176621.7603659294,3710213.754501129,1946617.884258958,1909679.5843683234,1951542.145263419,1871241.2782608983,2113330.0930102044,195461.4874696231,4105971.414748383,2154257.9261123883,2113379.525703153,2159707.4436499015,2070841.1177968795,False,False
2024-02-27,47.35804813665085,108378433181.0,5.220765419840535,3237.997791011405,3244.598834194136,3237.9875152921663,3272.781386701609,3174.168315358039,0.428100730023626,51.67688084180932,47.03866001736757,56.64798277801322,False,5.696874831615846,5.185555977849795,6.244890598907371,52.57881355649138,57.373755673425165,1515604.1918881324,-112082.59394878485,3260108.6557482095,1518693.9310925119,1515599.3821494735,1531885.291147483,1485727.6363405,1682684.8522300282,-124438.6126969687,3619504.011015837,1686115.2052102967,1682679.5122643383,1700760.7847511922,1649514.6962447902,False,False
2024-02-28,59.051466844203965,108230695232.0,6.250218500159236,3306.8564493066233,3369.9744372116174,3306.840878838591,3392.2804835225343,3242.8661779913914,0.38804233657653453,63.39909121156373,58.761849810319625,68.16834531125748,False,6.710386616292701,6.2195643972235555,7.215181531624969,65.30168534436321,70.10947782785642,1556029.423618964,-103654.91317249142,3262961.5504037715,1585729.3661007097,1556022.0969911623,1596225.3960664712,1525919.0313118715,1720725.1443189138,-114626.11999538675,3608325.0737426267,1753568.6349608235,1720717.0422146155,1765175.602286419,1687427.7603738091,False,False
2024-02-29,68.10490224672938,108219695232.0,5.2871257539960475,3430.06867334788,3347.373970771628,3430.1657775973486,3501.218072916636,3327.9677282981393,0.4216015436372608,69.8471428224334,65.58228134287752,74.0611113988157,False,5.4223795274188555,5.091289426384778,5.7495187061229975,73.39202800072543,75.26952234985225,646721.4203424534,-936399.3679606487,2210950.7127839886,631129.768804844,646739.7288383228,660136.2656786861,627470.8237832813,696927.7544586984,-1009094.0059535861,2382591.4327431386,680125.6904592491,696947.4842813273,711384.0222465208,676182.6938963467,False,False
2024-03-01,53.22047206466297,108685731684.0,4.781122853851354,3406.731178501794,3440.502677621655,3406.7225226539163,3440.502677621655,3366.5790786310845,0.29494027884000107,56.70317718599386,52.69050016145785,61.374179913974096,False,5.093995709029883,4.7335122130581935,5.513620658354161,58.00159491851433,61.79717289502374,1289517.0928666713,-196229.024311116,3019016.9065791788,1302300.2926805012,1289513.8164520655,1302300.2926805012,1274318.705795655,1405362.356990708,-213857.4863732886,3290233.79301851,1419293.950390769,1405358.7862355947,1419293.950390769,1388798.6051841325,False,False
2024-03-02,47.609462305400484,108495209709.0,4.7556984516563805,3425.025648599839,3418.5600322199384,3425.006485057058,3447.4867843806387,3409.2957950866826,0.36686438801815957,51.45303571339892,47.05557058907647,56.38470493021024,False,5.139632132486302,4.7003703330397455,5.632255458245027,52.36516075705686,56.59266784588522,1428267.5582493264,-205825.53921367822,3260870.296037688,1425571.3360697138,1428259.5668737097,1437634.060824355,1421708.0630005712,1570936.8825056283,-226385.40590301048,3586597.89443906,1567971.3353006109,1570928.0928733035,1581239.0029103179,1563722.16075593,False,False
2024-03-03,50.05554974032585,108718074450.0,4.820567111050241,3436.8463145642695,3478.354957343179,3436.880064494448,3481.209109625671,3389.063546654241,0.32502554134512474,55.919239867835316,50.71882630961361,61.19470632794668,False,5.385265969112929,4.884443528990427,5.893316330061696,54.87611685137609,61.304505836948245,2190952.0633404213,247831.5082218723,4162115.9336204226,2217413.370660892,2190973.5785530303,2219232.8616302474,2160491.0696378653,2401950.274592066,271698.7601812264,4562945.797363283,2430959.9208768713,2401973.86181321,2432954.636738796,2368555.7547335853,False,False
2024-03-04,78.25368867334815,108653858699.0,7.2134772648164605,3526.621288483807,3630.298941280598,3526.5813797339083,3630.298941280598,3469.8251879589725,0.3809010808840581,76.80872740857129,72.47449549040383,80.42864344293676,False,7.0802797707594385,6.680747378968288,7.413966047497639,85.46716593816461,83.88900717933072,-553681.7185297294,-2214477.0875515747,833401.3678465036,-569959.1739971224,-553675.4528313681,-569959.1739971224,-544764.6956991046,-604720.468986984,-2418609.0638880557,910224.862321278,-622498.3911663456,-604713.6257123647,-622498.3911663456,-594981.4690387428,False,False
2024-03-05,90.56254951749865,108593584113.0,8.979433999869226,3652.452269233744,3542.4617019775674,3652.296258272358,3797.5728297208143,3411.040668224363,0.4924270963470105,88.53146305231932,83.72609947513409,92.36256119859658,False,8.778048250911468,8.301588110195434,9.157908282843,99.54198351736788,97.30951130323079,-805595.6797330865,-2711560.8878589557,713943.8219994986,-781335.8347682797,-805561.2694938228,-837603.8999509388,-752349.2227023406,-885471.8898804757,-2980416.8571186517,784732.5913463703,-858806.6391726863,-885434.0678062534,-920653.7806987118,-826945.9542000913,False,False
2024-03-06,76.20564097664413,108438373463.0,7.360899590966465,3764.6877118043326,3817.585988776589,3764.6582886342308,3881.8258963585436,3525.834575088446,0.6663828531608287,78.66854939679943,74.84684418363817,82.97018248594367,False,7.598798273402131,7.22964990092174,8.01430411838379,83.5665405676106,86.26734767020156,1005449.3892686041,-554710.5992604621,2761533.5079241265,1019577.1322174675,1005441.531111255,1036733.9273594453,941657.978447764,1102568.3414006785,-608291.5280587977,3028277.1585043883,1118060.7195125143,1102559.7242036248,1136874.733788461,1032615.1535276355,False,False
2024-03-07,67.77597930413481,108463146699.0,6.782756791385854,3821.5397971809043,3865.456314957216,3821.5750676233656,3913.1873083638684,3762.970006850923,0.6359223083064132,70.26904543473412,66.33040124207413,74.65214101244483,False,7.032253167569753,6.638088953036784,7.470896350630287,74.55873609552066,77.30129860230387,1033366.5163569968,-599186.6592622781,2850143.1162259476,1045241.7973676813,1033376.0536891171,1058148.534703055,1017528.9054961338,1136781.8240924845,-659150.9330971391,3135374.3703735927,1149845.537107425,1136792.3158837638,1164043.9305902268,1119359.2466442145,False,False
2024-03-08,59.95873099628269,107525961766.0,6.073535797357133,3927.017061012156,3896.4775652915027,3926.9048231746124,3978.5088943606115,3869.4195190091286,0.6395007995689139,64.43946495039923,59.96378052367511,69.48595781409495,False,6.527412949467766,6.074047290593698,7.0385988026283925,66.03226679363982,70.96687789986699,1892018.0796181713,2132.1946845814614,4022931.415368533,1877304.2963195052,1891964.0039636604,1916826.5991978783,1864267.858746147,2083670.560330618,2348.175919149968,4430435.33607473,2067466.3403917144,2083611.0070681262,2110992.0655796872,2053109.373364911,False,False
2024-03-09,53.88113698332852,108667500359.0,4.926042262183531,3917.5781992158227,3913.7069060351664,3917.5708571423397,3943.1077615014874,3891.5898183365493,0.6184501071806838,58.213723108243435,53.67794861048992,63.073474421788646,False,5.322145677048078,4.907465918627586,5.766444771212195,58.807179245512046,63.53586878529151,1844440.1016096782,-86500.01921235562,3913301.5040426455,1842617.4530180253,1844436.6448784855,1856459.7081272067,1832204.4781116627,2013066.6451328155,-94408.21815128296,4271072.139052537,2011077.3622699822,2013062.8723725837,2026185.1351000099,1999712.388995811,False,False
2024-03-10,57.09881335108998,108424806273.0,6.415811949207721,3922.0611655397483,3859.043217463818,3922.0862918089483,3955.142951456916,3846.386855320113,0.6659448723879672,59.11134194179916,54.948579599236915,63.52108488184008,False,6.641946333139671,6.174204556880621,7.1374396680656735,63.5146253002977,65.75328827493882,855825.211317356,-914384.1551154794,2731062.761202725,842074.1894815078,855830.6940708725,863043.9224053099,839312.4697252442,951988.5690992615,-1017127.3899439157,3037934.026453393,936692.4368656583,951994.6679131385,960018.3984948973,933620.4011225519,False,False
2024-03-11,65.56896051680829,108427298106.0,6.799878938910774,3980.0677587273176,4074.165922788843,3980.239123576693,4074.165922788843,3815.665186854454,0.7017827377937921,66.63512943486514,62.691958248726316,70.5620545017894,False,6.910446797758523,6.501517229715854,7.317691549647094,72.36883945571907,73.54557623262366,460103.0571676818,-1241564.5556760575,2154759.6898645335,470980.9757316658,460122.8672553156,470980.9757316658,441097.8214505086,507818.394783275,-1370321.9525738705,2378220.682963056,519824.41616846295,507840.25929111947,519824.41616846295,486842.206635811,False,False
2024-03-12,58.5482667668303,108407847684.0,6.3740840533950385,3997.894516331912,3959.156217362295,3997.9607578211767,4079.1189432542865,3891.969207802414,0.7166936701362033,61.70651730559319,57.682494370185964,66.44027172827042,False,6.7179192428452525,6.279828384831904,7.233277770851575,64.92235082022535,68.42443654843844,1368795.6997218453,-375228.4750432899,3420419.7294728076,1355532.5141056322,1368818.3794261944,1396605.249430957,1332529.0833279951,1517814.9503975224,-416079.1777409177,3792796.9843004774,1503107.8166577858,1517840.0992158146,1548652.094553433,1477600.028204164,False,False
